"jurisdiction","weekEndingDate","totalConfC19NewAdm","totalConfFluNewAdm","totalConfRSVNewAdm","totalConfC19NewAdmPer100k","totalConfFluNewAdmPer100k","totalConfRSVNewAdmPer100k","totalConfC19NewAdmPer100kLevel","totalConfFluNewAdmPer100kLevel","totalConfRSVNewAdmPer100kLevel","totalConfC19NewAdmHospRep","totalConfFluNewAdmHospRep","totalConfRSVNewAdmHospRep","totalConfC19NewAdmPercHospRep","totalConfFluNewAdmPercHospRep","totalConfRSVNewAdmPercHospRep"
"MS","2026-08-29","28","11","2","0.96","0.38","0.07","Very Low","Very Low","Very Low","78","78","78","74.29","74.29","74.29"
"NJ","2026-08-29","102","22","11","1.10","0.24","0.12","Very Low","Very Low","Very Low","82","82","82","96.47","96.47","96.47"
"VA","2026-08-29","39","14","3","0.45","0.16","0.03","Very Low","Very Low","Very Low","84","84","84","81.55","81.55","81.55"
"AL","2026-08-29","83","20","10","1.63","0.39","0.20","Very Low","Very Low","Very Low","94","94","94","94.95","94.95","94.95"
"KS","2026-08-29","9","6","2","0.31","0.21","0.07","Very Low","Very Low","Very Low","86","86","86","59.31","59.31","59.31"
"TN","2026-08-29","83","31","4","1.17","0.44","0.06","Very Low","Very Low","Very Low","127","127","127","95.49","95.49","95.49"
"MI","2026-08-29","24","13","3","0.24","0.13","0.03","Very Low","Very Low","Very Low","134","134","134","87.58","87.58","87.58"
"VI","2026-08-29","0","0","0","0.00","0.00","0.00","Very Low","Very Low","Very Low","1","1","1","50","50","50"
"MP","2026-08-29",,,,,,,"Data Unavailable","Data Unavailable","Data Unavailable","0","0","0","0","0","0"
"UT","2026-08-29","9","7","0","0.26","0.21","0.00","Very Low","Very Low","Very Low","55","55","55","98.21","98.21","98.21"
"DC","2026-08-29","7","1","0","1.04","0.15","0.00","Very Low","Very Low","Very Low","9","9","9","81.82","81.82","81.82"
"IA","2026-08-29","6","6","0","0.19","0.19","0.00","Very Low","Very Low","Very Low","96","96","96","78.05","78.05","78.05"
"CO","2026-08-29","22","3","2","0.38","0.05","0.03","Very Low","Very Low","Very Low","86","86","86","86","86","86"
"NH","2026-08-29","3","2","0","0.21","0.14","0.00","Very Low","Very Low","Very Low","22","22","22","84.62","84.62","84.62"
"RI","2026-08-29","3","1","0","0.27","0.09","0.00","Very Low","Very Low","Very Low","10","10","10","83.33","83.33","83.33"
"AR","2026-08-29","9","1","1","0.29","0.03","0.03","Very Low","Very Low","Very Low","60","60","60","63.83","63.83","63.83"
"AK","2026-08-29","4","7","0","0.56","0.98","0.00","Very Low","Very Low","Very Low","16","16","16","66.67","66.67","66.67"
"MA","2026-08-29","31","4","6","0.44","0.06","0.09","Very Low","Very Low","Very Low","83","83","83","92.22","92.22","92.22"
"NC","2026-08-29","133","12","6","1.24","0.11","0.06","Very Low","Very Low","Very Low","128","128","128","94.12","94.12","94.12"
"SD","2026-08-29","4","2","0","0.44","0.22","0.00","Very Low","Very Low","Very Low","54","54","54","88.52","88.52","88.52"
"ID","2026-08-29","14","4","0","0.71","0.20","0.00","Very Low","Very Low","Very Low","37","37","37","78.72","78.72","78.72"
"OH","2026-08-29","48","15","10","0.41","0.13","0.08","Very Low","Very Low","Very Low","192","192","192","89.3","89.3","89.3"
"PR","2026-08-29","110","43","5","3.35","1.31","0.15","Low","Very Low","Very Low","25","25","25","45.45","45.45","45.45"
"LA","2026-08-29","95","21","5","2.08","0.46","0.11","Very Low","Very Low","Very Low","138","138","138","84.15","84.15","84.15"
"DE","2026-08-29","5","1","0","0.49","0.10","0.00","Very Low","Very Low","Very Low","11","11","11","100","100","100"
"WI","2026-08-29","34","11","7","0.58","0.19","0.12","Very Low","Very Low","Very Low","134","134","134","90.54","90.54","90.54"
"AS","2026-08-29",,,,,,,"Data Unavailable","Data Unavailable","Data Unavailable","0","0","0","0","0","0"
"CA","2026-08-29","585","96","21","1.51","0.25","0.05","Very Low","Very Low","Very Low","309","309","309","77.44","77.44","77.44"
"GA","2026-08-29","132","18","14","1.20","0.16","0.13","Very Low","Very Low","Very Low","111","111","111","69.38","69.38","69.38"
"ND","2026-08-29","0","0","0","0.00","0.00","0.00","Very Low","Very Low","Very Low","38","38","38","77.55","77.55","77.55"
"NV","2026-08-29","12","13","1","0.38","0.41","0.03","Very Low","Very Low","Very Low","37","37","37","71.15","71.15","71.15"
"NY","2026-08-29","210","24","16","1.07","0.12","0.08","Very Low","Very Low","Very Low","172","172","172","84.31","84.31","84.31"
"PA","2026-08-29","74","137","48","0.57","1.06","0.37","Very Low","Very Low","Very Low","193","193","193","87.73","87.73","87.73"
"CT","2026-08-29","13","4","0","0.36","0.11","0.00","Very Low","Very Low","Very Low","28","28","28","87.5","87.5","87.5"
"GU","2026-08-29","2","0","0","1.30","0.00","0.00","Low","Very Low","Very Low","1","1","1","50","50","50"
"MO","2026-08-29","36","31","1","0.58","0.50","0.02","Very Low","Very Low","Very Low","89","89","89","71.77","71.77","71.77"
"OK","2026-08-29","19","8","0","0.47","0.20","0.00","Very Low","Very Low","Very Low","85","85","85","61.15","61.15","61.15"
"TX","2026-08-29","510","87","25","1.68","0.29","0.08","Very Low","Very Low","Very Low","391","391","391","70.96","70.96","70.96"
"NM","2026-08-29","14","3","0","0.67","0.14","0.00","Very Low","Very Low","Very Low","40","40","40","81.63","81.63","81.63"
"USA","2026-08-29","3,352","874","324","0.99","0.26","0.10","Very Low","Very Low","Very Low","4,632","4,632","4,632","80.39","80.39","80.39"
"IL","2026-08-29","39","12","2","0.31","0.10","0.02","Very Low","Very Low","Very Low","153","153","153","77.27","77.27","77.27"
"SC","2026-08-29","63","7","5","1.18","0.13","0.09","Very Low","Very Low","Very Low","67","67","67","89.33","89.33","89.33"
"MN","2026-08-29","16","7","0","0.28","0.12","0.00","Very Low","Very Low","Very Low","118","118","118","89.39","89.39","89.39"
"MT","2026-08-29","4","3","0","0.35","0.27","0.00","Very Low","Very Low","Very Low","50","50","50","79.37","79.37","79.37"
"PR","2026-07-25","25","25","8","0.76","0.76","0.24","Very Low","Very Low","Very Low","26","26","26","47.27","47.27","47.27"
"DC","2026-07-25","1","0","0","0.15","0.00","0.00","Very Low","Very Low","Very Low","8","8","8","72.73","72.73","72.73"
"MN","2026-07-25","4","2","2","0.07","0.03","0.03","Very Low","Very Low","Very Low","115","115","115","87.12","87.12","87.12"
"MT","2026-07-25","0","0","0","0.00","0.00","0.00","Very Low","Very Low","Very Low","46","46","46","73.02","73.02","73.02"
"CA","2026-07-25","227","77","19","0.58","0.20","0.05","Very Low","Very Low","Very Low","323","323","323","80.95","80.95","80.95"
"GA","2026-07-25","45","11","10","0.41","0.10","0.09","Very Low","Very Low","Very Low","111","111","111","69.38","69.38","69.38"
"NV","2026-07-25","17","8","2","0.53","0.25","0.06","Very Low","Very Low","Very Low","36","36","36","69.23","69.23","69.23"
"NY","2026-07-25","93","10","11","0.48","0.05","0.06","Very Low","Very Low","Very Low","169","169","169","82.84","82.84","82.84"
"OH","2026-07-25","20","5","7","0.17","0.04","0.06","Very Low","Very Low","Very Low","189","189","189","87.91","87.91","87.91"
"AR","2026-07-25","6","0","1","0.20","0.00","0.03","Very Low","Very Low","Very Low","59","59","59","62.77","62.77","62.77"
"DE","2026-07-25","2","2","0","0.19","0.19","0.00","Very Low","Very Low","Very Low","10","10","10","90.91","90.91","90.91"
"VA","2026-07-25","12","14","6","0.14","0.16","0.07","Very Low","Very Low","Very Low","85","85","85","83.33","83.33","83.33"
"HI","2026-07-25","14","1","5","1.00","0.07","0.36","Very Low","Very Low","Very Low","19","19","19","67.86","67.86","67.86"
"KY","2026-07-25","11","8","1","0.24","0.18","0.02","Very Low","Very Low","Very Low","89","89","89","79.46","79.46","79.46"
"MD","2026-07-25","8","6","0","0.13","0.10","0.00","Very Low","Very Low","Very Low","36","36","36","70.59","70.59","70.59"
"NE","2026-07-25","2","2","0","0.10","0.10","0.00","Very Low","Very Low","Very Low","76","76","76","77.55","77.55","77.55"
"WA","2026-07-25","16","6","1","0.21","0.08","0.01","Very Low","Very Low","Very Low","95","95","95","97.94","97.94","97.94"
"MP","2026-07-25",,,,,,,"Data Unavailable","Data Unavailable","Data Unavailable","0","0","0","0","0","0"
"UT","2026-07-25","4","2","2","0.12","0.06","0.06","Very Low","Very Low","Very Low","53","53","53","94.64","94.64","94.64"
"FL","2026-07-25","254","91","59","1.13","0.40","0.26","Very Low","Very Low","Very Low","221","221","221","78.93","78.93","78.93"
"WV","2026-07-25","2","0","2","0.11","0.00","0.11","Very Low","Very Low","Very Low","60","60","60","100","100","100"
"WY","2026-07-25","1","1","1","0.17","0.17","0.17","Very Low","Very Low","Very Low","19","19","19","61.29","61.29","61.29"
"IA","2026-07-25","4","0","1","0.12","0.00","0.03","Very Low","Very Low","Very Low","93","93","93","75.61","75.61","75.61"
"MS","2026-07-25","25","8","4","0.85","0.27","0.14","Very Low","Very Low","Very Low","83","83","83","79.05","79.05","79.05"
"NJ","2026-07-25","39","17","14","0.42","0.18","0.15","Very Low","Very Low","Very Low","83","83","83","97.65","97.65","97.65"
"KS","2026-07-25","5","1","1","0.17","0.03","0.03","Very Low","Very Low","Very Low","85","85","85","58.62","58.62","58.62"
"WI","2026-07-25","1","3","0","0.02","0.05","0.00","Very Low","Very Low","Very Low","149","149","149","100.68","100.68","100.68"
"VT","2026-07-25","0","0","0","0.00","0.00","0.00","Very Low","Very Low","Very Low","14","14","14","93.33","93.33","93.33"
"AS","2026-07-25",,,,,,,"Data Unavailable","Data Unavailable","Data Unavailable","0","0","0","0","0","0"
"IN","2026-07-25","13","8","5","0.19","0.12","0.07","Very Low","Very Low","Very Low","129","129","129","90.21","90.21","90.21"
"ND","2026-07-25","2","2","0","0.26","0.26","0.00","Very Low","Very Low","Very Low","39","39","39","79.59","79.59","79.59"
"OR","2026-07-25","7","4","3","0.17","0.09","0.07","Very Low","Very Low","Very Low","45","45","45","72.58","72.58","72.58"
"PA","2026-07-25","36","121","65","0.28","0.93","0.50","Very Low","Very Low","Very Low","188","188","188","85.45","85.45","85.45"
"AK","2026-07-25","3","0","0","0.42","0.00","0.00","Very Low","Very Low","Very Low","16","16","16","66.67","66.67","66.67"
"LA","2026-07-25","115","80","72","2.52","1.75","1.58","Very Low","Low","Low","133","133","133","81.1","81.1","81.1"
"MA","2026-07-25","8","3","4","0.11","0.04","0.06","Very Low","Very Low","Very Low","84","84","84","93.33","93.33","93.33"
"NC","2026-07-25","44","6","10","0.41","0.06","0.09","Very Low","Very Low","Very Low","128","128","128","94.12","94.12","94.12"
"SD","2026-07-25","0","1","1","0.00","0.11","0.11","Very Low","Very Low","Very Low","51","51","51","83.61","83.61","83.61"
"ID","2026-07-25","0","1","0","0.00","0.05","0.00","Very Low","Very Low","Very Low","27","27","27","57.45","57.45","57.45"
"MO","2026-07-25","10","6","0","0.16","0.10","0.00","Very Low","Very Low","Very Low","87","87","87","70.16","70.16","70.16"
"OK","2026-07-25","9","4","1","0.22","0.10","0.02","Very Low","Very Low","Very Low","90","90","90","64.75","64.75","64.75"
"AL","2026-07-25","40","6","5","0.78","0.12","0.10","Very Low","Very Low","Very Low","94","94","94","94.95","94.95","94.95"
"TN","2026-07-25","30","19","5","0.42","0.27","0.07","Very Low","Very Low","Very Low","126","126","126","94.74","94.74","94.74"
"MS","2026-09-05","38","19","2","1.30","0.65","0.07","Very Low","Very Low","Very Low","76","76","76","72.38","72.38","72.38"
"NJ","2026-09-05","117","18","9","1.26","0.19","0.10","Very Low","Very Low","Very Low","77","77","77","90.59","90.59","90.59"
"VA","2026-09-05","35","15","9","0.41","0.17","0.10","Very Low","Very Low","Very Low","74","74","74","71.84","71.84","71.84"
"AL","2026-09-05","102","18","6","2.00","0.35","0.12","Very Low","Very Low","Very Low","92","92","92","92.93","92.93","92.93"
"KS","2026-09-05","8","4","1","0.27","0.14","0.03","Very Low","Very Low","Very Low","82","82","82","56.55","56.55","56.55"
"TN","2026-09-05","74","31","4","1.04","0.44","0.06","Very Low","Very Low","Very Low","123","123","123","93.18","93.18","93.18"
"MI","2026-09-05","25","25","3","0.25","0.25","0.03","Very Low","Very Low","Very Low","133","133","133","86.93","86.93","86.93"
"VI","2026-09-05","0","0","0","0.00","0.00","0.00","Very Low","Very Low","Very Low","2","2","2","100","100","100"
"MP","2026-09-05","0","0","0","0.00","0.00","0.00","Very Low","Very Low","Very Low","1","1","1","100","100","100"
"UT","2026-09-05","8","11","0","0.23","0.32","0.00","Very Low","Very Low","Very Low","52","52","52","92.86","92.86","92.86"
"DC","2026-09-05","2","3","0","0.30","0.44","0.00","Very Low","Very Low","Very Low","6","6","6","54.55","54.55","54.55"
"IA","2026-09-05","16","0","0","0.50","0.00","0.00","Very Low","Very Low","Very Low","88","88","88","71.54","71.54","71.54"
"CO","2026-09-05","25","10","2","0.43","0.17","0.03","Very Low","Very Low","Very Low","80","80","80","80","80","80"
"NH","2026-09-05","4","0","0","0.29","0.00","0.00","Very Low","Very Low","Very Low","24","24","24","92.31","92.31","92.31"
"RI","2026-09-05","10","2","1","0.92","0.18","0.09","Very Low","Very Low","Very Low","9","9","9","75","75","75"
"AR","2026-09-05","20","6","1","0.65","0.20","0.03","Very Low","Very Low","Very Low","54","54","54","57.45","57.45","57.45"
"AK","2026-09-05","5","19","4","0.70","2.67","0.56","Very Low","Moderate","Low","17","17","17","70.83","70.83","70.83"
"MA","2026-09-05","31","5","3","0.44","0.07","0.04","Very Low","Very Low","Very Low","82","82","82","91.11","91.11","91.11"
"NC","2026-09-05","154","17","6","1.43","0.16","0.06","Very Low","Very Low","Very Low","117","117","117","86.03","86.03","86.03"
"SD","2026-09-05","5","2","0","0.55","0.22","0.00","Very Low","Very Low","Very Low","50","50","50","81.97","81.97","81.97"
"ID","2026-09-05","14","7","0","0.71","0.36","0.00","Very Low","Very Low","Very Low","33","33","33","70.21","70.21","70.21"
"OH","2026-09-05","67","16","6","0.57","0.14","0.05","Very Low","Very Low","Very Low","191","191","191","88.84","88.84","88.84"
"LA","2026-09-05","93","24","8","2.04","0.53","0.18","Very Low","Very Low","Very Low","133","133","133","81.1","81.1","81.1"
"PR","2026-09-05","42","51","4","1.28","1.55","0.12","Very Low","Very Low","Very Low","21","21","21","38.18","38.18","38.18"
"DE","2026-09-05","7","1","0","0.68","0.10","0.00","Very Low","Very Low","Very Low","10","10","10","90.91","90.91","90.91"
"WI","2026-09-05","21","26","0","0.36","0.44","0.00","Very Low","Very Low","Very Low","136","136","136","91.89","91.89","91.89"
"AS","2026-09-05",,,,,,,"Data Unavailable","Data Unavailable","Data Unavailable","0","0","0","0","0","0"
"CA","2026-09-05","705","139","13","1.82","0.36","0.03","Very Low","Very Low","Very Low","300","300","300","75.19","75.19","75.19"
"GA","2026-09-05","108","22","8","0.98","0.20","0.07","Very Low","Very Low","Very Low","104","104","104","65","65","65"
"ND","2026-09-05","2","3","1","0.26","0.39","0.13","Very Low","Very Low","Very Low","37","37","37","75.51","75.51","75.51"
"NV","2026-09-05","32","10","2","1.01","0.31","0.06","Very Low","Very Low","Very Low","34","34","34","65.38","65.38","65.38"
"NY","2026-09-05","213","34","22","1.09","0.17","0.11","Very Low","Very Low","Very Low","166","166","166","81.37","81.37","81.37"
"PA","2026-09-05","105","135","44","0.81","1.04","0.34","Very Low","Very Low","Very Low","190","190","190","86.36","86.36","86.36"
"CT","2026-09-05","9","4","1","0.25","0.11","0.03","Very Low","Very Low","Very Low","28","28","28","87.5","87.5","87.5"
"GU","2026-09-05","2","0","0","1.30","0.00","0.00","Low","Very Low","Very Low","1","1","1","50","50","50"
"MO","2026-09-05","27","12","1","0.44","0.19","0.02","Very Low","Very Low","Very Low","83","83","83","66.94","66.94","66.94"
"OK","2026-09-05","28","7","0","0.69","0.17","0.00","Very Low","Very Low","Very Low","87","87","87","62.59","62.59","62.59"
"TX","2026-09-05","576","144","32","1.90","0.47","0.11","Very Low","Very Low","Very Low","381","381","381","69.15","69.15","69.15"
"NM","2026-09-05","25","1","0","1.19","0.05","0.00","Very Low","Very Low","Very Low","39","39","39","79.59","79.59","79.59"
"USA","2026-09-05","3,815","1,133","281","1.13","0.34","0.08","Very Low","Very Low","Very Low","4,487","4,487","4,487","77.89","77.89","77.89"
"IL","2026-09-05","48","33","5","0.38","0.26","0.04","Very Low","Very Low","Very Low","141","141","141","71.21","71.21","71.21"
"SC","2026-09-05","70","6","5","1.31","0.11","0.09","Very Low","Very Low","Very Low","69","69","69","92","92","92"
"MN","2026-09-05","26","10","0","0.45","0.17","0.00","Very Low","Very Low","Very Low","119","119","119","90.15","90.15","90.15"
"MT","2026-09-05","6","4","0","0.53","0.35","0.00","Very Low","Very Low","Very Low","50","50","50","79.37","79.37","79.37"
"DC","2026-08-15","7","0","0","1.04","0.00","0.00","Very Low","Very Low","Very Low","8","8","8","72.73","72.73","72.73"
"MN","2026-08-15","9","3","2","0.16","0.05","0.03","Very Low","Very Low","Very Low","116","116","116","87.88","87.88","87.88"
"MT","2026-08-15","2","1","0","0.18","0.09","0.00","Very Low","Very Low","Very Low","46","46","46","73.02","73.02","73.02"
"PR","2026-08-15","71","22","14","2.16","0.67","0.43","Very Low","Very Low","Very Low","28","28","28","50.91","50.91","50.91"
"FL","2026-08-15","380","112","81","1.69","0.50","0.36","Very Low","Very Low","Very Low","230","230","230","82.44","82.44","82.44"
"WV","2026-08-15","5","2","0","0.28","0.11","0.00","Very Low","Very Low","Very Low","56","56","56","93.33","93.33","93.33"
"CT","2026-08-15","10","3","1","0.28","0.08","0.03","Very Low","Very Low","Very Low","28","28","28","87.5","87.5","87.5"
"GU","2026-08-15","1","0","0","0.65","0.00","0.00","Very Low","Very Low","Very Low","1","1","1","50","50","50"
"ME","2026-08-15","2","0","0","0.14","0.00","0.00","Very Low","Very Low","Very Low","29","29","29","78.38","78.38","78.38"
"TX","2026-08-15","295","60","16","0.97","0.20","0.05","Very Low","Very Low","Very Low","369","369","369","66.85","66.85","66.85"
"AR","2026-08-15","14","0","4","0.46","0.00","0.13","Very Low","Very Low","Very Low","53","53","53","56.38","56.38","56.38"
"MS","2026-08-15","40","8","2","1.37","0.27","0.07","Very Low","Very Low","Very Low","80","80","80","76.19","76.19","76.19"
"NJ","2026-08-15","49","13","9","0.53","0.14","0.10","Very Low","Very Low","Very Low","80","80","80","94.12","94.12","94.12"
"HI","2026-08-15","22","2","3","1.58","0.14","0.22","Very Low","Very Low","Very Low","21","21","21","75","75","75"
"KY","2026-08-15","19","6","1","0.42","0.13","0.02","Very Low","Very Low","Very Low","88","88","88","78.57","78.57","78.57"
"MD","2026-08-15","16","6","1","0.26","0.10","0.02","Very Low","Very Low","Very Low","33","33","33","64.71","64.71","64.71"
"NE","2026-08-15","1","0","0","0.05","0.00","0.00","Very Low","Very Low","Very Low","74","74","74","75.51","75.51","75.51"
"WA","2026-08-15","45","10","2","0.58","0.13","0.03","Very Low","Very Low","Very Low","94","94","94","96.91","96.91","96.91"
"MP","2026-08-15",,,,,,,"Data Unavailable","Data Unavailable","Data Unavailable","0","0","0","0","0","0"
"UT","2026-08-15","4","3","0","0.12","0.09","0.00","Very Low","Very Low","Very Low","52","52","52","92.86","92.86","92.86"
"WY","2026-08-15","2","3","0","0.34","0.52","0.00","Very Low","Very Low","Very Low","19","19","19","61.29","61.29","61.29"
"IA","2026-08-15","4","3","2","0.12","0.09","0.06","Very Low","Very Low","Very Low","87","87","87","70.73","70.73","70.73"
"DE","2026-08-15","3","2","1","0.29","0.19","0.10","Very Low","Very Low","Very Low","10","10","10","90.91","90.91","90.91"
"VA","2026-08-15","19","9","3","0.22","0.10","0.03","Very Low","Very Low","Very Low","79","79","79","77.45","77.45","77.45"
"KS","2026-08-15","5","4","0","0.17","0.14","0.00","Very Low","Very Low","Very Low","81","81","81","55.86","55.86","55.86"
"WI","2026-08-15","7","4","1","0.12","0.07","0.02","Very Low","Very Low","Very Low","125","125","125","84.46","84.46","84.46"
"VT","2026-08-15","0","2","1","0.00","0.31","0.15","Very Low","Very Low","Very Low","13","13","13","86.67","86.67","86.67"
"AS","2026-08-15",,,,,,,"Data Unavailable","Data Unavailable","Data Unavailable","0","0","0","0","0","0"
"IN","2026-08-15","25","8","2","0.36","0.12","0.03","Very Low","Very Low","Very Low","125","125","125","87.41","87.41","87.41"
"ND","2026-08-15","0","2","0","0.00","0.26","0.00","Very Low","Very Low","Very Low","39","39","39","79.59","79.59","79.59"
"OR","2026-08-15","12","2","0","0.28","0.05","0.00","Very Low","Very Low","Very Low","36","36","36","58.06","58.06","58.06"
"PA","2026-08-15","61","140","86","0.47","1.08","0.66","Very Low","Very Low","Very Low","175","175","175","79.55","79.55","79.55"
"AK","2026-08-15","3","4","1","0.42","0.56","0.14","Very Low","Very Low","Very Low","16","16","16","66.67","66.67","66.67"
"LA","2026-08-15","51","11","6","1.12","0.24","0.13","Very Low","Very Low","Very Low","128","128","128","78.05","78.05","78.05"
"MA","2026-08-15","32","1","4","0.46","0.01","0.06","Very Low","Very Low","Very Low","82","82","82","91.11","91.11","91.11"
"NC","2026-08-15","102","4","3","0.95","0.04","0.03","Very Low","Very Low","Very Low","124","124","124","91.18","91.18","91.18"
"SD","2026-08-15","2","4","2","0.22","0.44","0.22","Very Low","Very Low","Very Low","48","48","48","78.69","78.69","78.69"
"ID","2026-08-15","4","3","0","0.20","0.15","0.00","Very Low","Very Low","Very Low","36","36","36","76.6","76.6","76.6"
"MO","2026-08-15","21","10","2","0.34","0.16","0.03","Very Low","Very Low","Very Low","82","82","82","66.13","66.13","66.13"
"OK","2026-08-15","7","5","0","0.17","0.12","0.00","Very Low","Very Low","Very Low","78","78","78","56.12","56.12","56.12"
"AL","2026-08-15","67","12","12","1.31","0.24","0.24","Very Low","Very Low","Very Low","92","92","92","92.93","92.93","92.93"
"TN","2026-08-15","42","17","2","0.59","0.24","0.03","Very Low","Very Low","Very Low","124","124","124","93.23","93.23","93.23"
"PR","2026-08-01","32","33","7","0.97","1.00","0.21","Very Low","Very Low","Very Low","25","25","25","45.45","45.45","45.45"
"CA","2026-08-01","329","78","10","0.85","0.20","0.03","Very Low","Very Low","Very Low","317","317","317","79.45","79.45","79.45"
"GA","2026-08-01","56","5","17","0.51","0.05","0.15","Very Low","Very Low","Very Low","107","107","107","66.88","66.88","66.88"
"NV","2026-08-01","15","12","0","0.47","0.38","0.00","Very Low","Very Low","Very Low","37","37","37","71.15","71.15","71.15"
"NY","2026-08-01","89","20","13","0.46","0.10","0.07","Very Low","Very Low","Very Low","172","172","172","84.31","84.31","84.31"
"OH","2026-08-01","34","13","2","0.29","0.11","0.02","Very Low","Very Low","Very Low","193","193","193","89.77","89.77","89.77"
"DC","2026-08-01","2","0","1","0.30","0.00","0.15","Very Low","Very Low","Very Low","9","9","9","81.82","81.82","81.82"
"MN","2026-08-01","16","2","0","0.28","0.03","0.00","Very Low","Very Low","Very Low","120","120","120","90.91","90.91","90.91"
"MT","2026-08-01","8","0","0","0.71","0.00","0.00","Very Low","Very Low","Very Low","49","49","49","77.78","77.78","77.78"
"AR","2026-08-01","7","1","4","0.23","0.03","0.13","Very Low","Very Low","Very Low","63","63","63","67.02","67.02","67.02"
"MS","2026-08-01","26","4","3","0.89","0.14","0.10","Very Low","Very Low","Very Low","82","82","82","78.1","78.1","78.1"
"NJ","2026-08-01","31","11","7","0.33","0.12","0.08","Very Low","Very Low","Very Low","79","79","79","92.94","92.94","92.94"
"HI","2026-08-01","11","8","2","0.79","0.57","0.14","Very Low","Very Low","Very Low","17","17","17","60.71","60.71","60.71"
"KY","2026-08-01","9","2","2","0.20","0.04","0.04","Very Low","Very Low","Very Low","80","80","80","71.43","71.43","71.43"
"MD","2026-08-01","5","3","1","0.08","0.05","0.02","Very Low","Very Low","Very Low","37","37","37","72.55","72.55","72.55"
"NE","2026-08-01","0","0","1","0.00","0.00","0.05","Very Low","Very Low","Very Low","73","73","73","74.49","74.49","74.49"
"WA","2026-08-01","18","5","0","0.23","0.06","0.00","Very Low","Very Low","Very Low","94","94","94","96.91","96.91","96.91"
"MP","2026-08-01","0","0","0","0.00","0.00","0.00","Very Low","Very Low","Very Low","1","1","1","100","100","100"
"UT","2026-08-01","4","1","0","0.12","0.03","0.00","Very Low","Very Low","Very Low","50","50","50","89.29","89.29","89.29"
"FL","2026-08-01","306","136","68","1.36","0.60","0.30","Very Low","Very Low","Very Low","232","232","232","83.15","83.15","83.15"
"WV","2026-08-01","1","4","1","0.06","0.23","0.06","Very Low","Very Low","Very Low","58","58","58","96.67","96.67","96.67"
"WY","2026-08-01","0","0","0","0.00","0.00","0.00","Very Low","Very Low","Very Low","18","18","18","58.06","58.06","58.06"
"IA","2026-08-01","6","0","2","0.19","0.00","0.06","Very Low","Very Low","Very Low","87","87","87","70.73","70.73","70.73"
"DE","2026-08-01","2","3","0","0.19","0.29","0.00","Very Low","Very Low","Very Low","10","10","10","90.91","90.91","90.91"
"VA","2026-08-01","17","12","3","0.20","0.14","0.03","Very Low","Very Low","Very Low","78","78","78","76.47","76.47","76.47"
"KS","2026-08-01","8","1","0","0.27","0.03","0.00","Very Low","Very Low","Very Low","88","88","88","60.69","60.69","60.69"
"WI","2026-08-01","19","3","0","0.32","0.05","0.00","Very Low","Very Low","Very Low","147","147","147","99.32","99.32","99.32"
"VT","2026-08-01","0","0","0","0.00","0.00","0.00","Very Low","Very Low","Very Low","14","14","14","93.33","93.33","93.33"
"AS","2026-08-01",,,,,,,"Data Unavailable","Data Unavailable","Data Unavailable","0","0","0","0","0","0"
"IN","2026-08-01","17","5","3","0.25","0.07","0.04","Very Low","Very Low","Very Low","125","125","125","87.41","87.41","87.41"
"ND","2026-08-01","1","2","0","0.13","0.26","0.00","Very Low","Very Low","Very Low","40","40","40","81.63","81.63","81.63"
"OR","2026-08-01","7","2","1","0.17","0.05","0.02","Very Low","Very Low","Very Low","34","34","34","54.84","54.84","54.84"
"PA","2026-08-01","38","117","82","0.29","0.90","0.63","Very Low","Very Low","Very Low","183","183","183","83.18","83.18","83.18"
"AK","2026-08-01","3","2","1","0.42","0.28","0.14","Very Low","Very Low","Very Low","15","15","15","62.5","62.5","62.5"
"LA","2026-08-01","45","13","7","0.99","0.29","0.15","Very Low","Very Low","Very Low","133","133","133","81.1","81.1","81.1"
"MA","2026-08-01","17","1","4","0.24","0.01","0.06","Very Low","Very Low","Very Low","85","85","85","94.44","94.44","94.44"
"NC","2026-08-01","79","12","4","0.74","0.11","0.04","Very Low","Very Low","Very Low","128","128","128","94.12","94.12","94.12"
"SD","2026-08-01","1","0","0","0.11","0.00","0.00","Very Low","Very Low","Very Low","50","50","50","81.97","81.97","81.97"
"ID","2026-08-01","1","0","0","0.05","0.00","0.00","Very Low","Very Low","Very Low","26","26","26","55.32","55.32","55.32"
"MO","2026-08-01","13","10","1","0.21","0.16","0.02","Very Low","Very Low","Very Low","86","86","86","69.35","69.35","69.35"
"OK","2026-08-01","12","10","1","0.30","0.25","0.02","Very Low","Very Low","Very Low","82","82","82","58.99","58.99","58.99"
"AL","2026-08-01","51","7","6","1.00","0.14","0.12","Very Low","Very Low","Very Low","95","95","95","95.96","95.96","95.96"
"TN","2026-08-01","32","18","8","0.45","0.25","0.11","Very Low","Very Low","Very Low","125","125","125","93.98","93.98","93.98"
"DC","2026-08-08","1","0","0","0.15","0.00","0.00","Very Low","Very Low","Very Low","8","8","8","72.73","72.73","72.73"
"MN","2026-08-08","13","0","5","0.23","0.00","0.09","Very Low","Very Low","Very Low","115","115","115","87.12","87.12","87.12"
"MT","2026-08-08","2","0","1","0.18","0.00","0.09","Very Low","Very Low","Very Low","43","43","43","68.25","68.25","68.25"
"PR","2026-08-08","39","21","12","1.19","0.64","0.37","Very Low","Very Low","Very Low","25","25","25","45.45","45.45","45.45"
"CA","2026-08-08","370","50","17","0.95","0.13","0.04","Very Low","Very Low","Very Low","312","312","312","78.2","78.2","78.2"
"GA","2026-08-08","66","10","15","0.60","0.09","0.14","Very Low","Very Low","Very Low","106","106","106","66.25","66.25","66.25"
"NV","2026-08-08","19","12","0","0.60","0.38","0.00","Very Low","Very Low","Very Low","34","34","34","65.38","65.38","65.38"
"NY","2026-08-08","116","12","14","0.59","0.06","0.07","Very Low","Very Low","Very Low","161","161","161","78.92","78.92","78.92"
"OH","2026-08-08","27","7","7","0.23","0.06","0.06","Very Low","Very Low","Very Low","190","190","190","88.37","88.37","88.37"
"AR","2026-08-08","10","1","4","0.33","0.03","0.13","Very Low","Very Low","Very Low","55","55","55","58.51","58.51","58.51"
"MS","2026-08-08","21","10","3","0.72","0.34","0.10","Very Low","Very Low","Very Low","75","75","75","71.43","71.43","71.43"
"NJ","2026-08-08","46","20","5","0.50","0.22","0.05","Very Low","Very Low","Very Low","79","79","79","92.94","92.94","92.94"
"HI","2026-08-08","17","2","1","1.22","0.14","0.07","Very Low","Very Low","Very Low","19","19","19","67.86","67.86","67.86"
"KY","2026-08-08","6","6","4","0.13","0.13","0.09","Very Low","Very Low","Very Low","83","83","83","74.11","74.11","74.11"
"MD","2026-08-08","9","6","4","0.15","0.10","0.07","Very Low","Very Low","Very Low","36","36","36","70.59","70.59","70.59"
"NE","2026-08-08","2","1","1","0.10","0.05","0.05","Very Low","Very Low","Very Low","79","79","79","80.61","80.61","80.61"
"WA","2026-08-08","32","5","1","0.41","0.06","0.01","Very Low","Very Low","Very Low","92","92","92","94.85","94.85","94.85"
"MP","2026-08-08",,,,,,,"Data Unavailable","Data Unavailable","Data Unavailable","0","0","0","0","0","0"
"UT","2026-08-08","3","6","0","0.09","0.18","0.00","Very Low","Very Low","Very Low","52","52","52","92.86","92.86","92.86"
"FL","2026-08-08","318","92","66","1.41","0.41","0.29","Very Low","Very Low","Very Low","225","225","225","80.65","80.65","80.65"
"WV","2026-08-08","1","0","1","0.06","0.00","0.06","Very Low","Very Low","Very Low","56","56","56","93.33","93.33","93.33"
"WY","2026-08-08","1","0","0","0.17","0.00","0.00","Very Low","Very Low","Very Low","19","19","19","61.29","61.29","61.29"
"IA","2026-08-08","6","1","1","0.19","0.03","0.03","Very Low","Very Low","Very Low","86","86","86","69.92","69.92","69.92"
"DE","2026-08-08","0","0","0","0.00","0.00","0.00","Very Low","Very Low","Very Low","9","9","9","81.82","81.82","81.82"
"VA","2026-08-08","19","9","4","0.22","0.10","0.05","Very Low","Very Low","Very Low","83","83","83","81.37","81.37","81.37"
"KS","2026-08-08","9","2","0","0.31","0.07","0.00","Very Low","Very Low","Very Low","80","80","80","55.17","55.17","55.17"
"WI","2026-08-08","6","1","1","0.10","0.02","0.02","Very Low","Very Low","Very Low","141","141","141","95.27","95.27","95.27"
"VT","2026-08-08","4","0","0","0.62","0.00","0.00","Very Low","Very Low","Very Low","13","13","13","86.67","86.67","86.67"
"AS","2026-08-08",,,,,,,"Data Unavailable","Data Unavailable","Data Unavailable","0","0","0","0","0","0"
"IN","2026-08-08","9","7","3","0.13","0.10","0.04","Very Low","Very Low","Very Low","122","122","122","85.31","85.31","85.31"
"ND","2026-08-08","0","3","0","0.00","0.39","0.00","Very Low","Very Low","Very Low","39","39","39","79.59","79.59","79.59"
"OR","2026-08-08","11","2","0","0.26","0.05","0.00","Very Low","Very Low","Very Low","37","37","37","59.68","59.68","59.68"
"PA","2026-08-08","37","129","58","0.29","1.00","0.45","Very Low","Very Low","Very Low","182","182","182","82.73","82.73","82.73"
"AK","2026-08-08","4","1","0","0.56","0.14","0.00","Very Low","Very Low","Very Low","17","17","17","70.83","70.83","70.83"
"LA","2026-08-08","61","19","7","1.34","0.42","0.15","Very Low","Very Low","Very Low","128","128","128","78.05","78.05","78.05"
"MA","2026-08-08","13","2","6","0.19","0.03","0.09","Very Low","Very Low","Very Low","85","85","85","94.44","94.44","94.44"
"NC","2026-08-08","84","10","2","0.78","0.09","0.02","Very Low","Very Low","Very Low","117","117","117","86.03","86.03","86.03"
"SD","2026-08-08","0","2","0","0.00","0.22","0.00","Very Low","Very Low","Very Low","49","49","49","80.33","80.33","80.33"
"ID","2026-08-08","1","5","0","0.05","0.25","0.00","Very Low","Very Low","Very Low","26","26","26","55.32","55.32","55.32"
"MO","2026-08-08","9","8","0","0.15","0.13","0.00","Very Low","Very Low","Very Low","74","74","74","59.68","59.68","59.68"
"OK","2026-08-08","13","7","2","0.32","0.17","0.05","Very Low","Very Low","Very Low","84","84","84","60.43","60.43","60.43"
"AL","2026-08-08","67","15","10","1.31","0.29","0.20","Very Low","Very Low","Very Low","91","91","91","91.92","91.92","91.92"
"TN","2026-08-08","37","19","3","0.52","0.27","0.04","Very Low","Very Low","Very Low","123","123","123","92.48","92.48","92.48"
"DC","2026-08-22","4","0","0","0.59","0.00","0.00","Very Low","Very Low","Very Low","9","9","9","81.82","81.82","81.82"
"MN","2026-08-22","11","3","0","0.19","0.05","0.00","Very Low","Very Low","Very Low","118","118","118","89.39","89.39","89.39"
"MT","2026-08-22","2","2","0","0.18","0.18","0.00","Very Low","Very Low","Very Low","52","52","52","82.54","82.54","82.54"
"PR","2026-08-22","128","47","1","3.90","1.43","0.03","Moderate","Very Low","Very Low","30","30","30","54.55","54.55","54.55"
"FL","2026-08-22","382","115","74","1.69","0.51","0.33","Very Low","Very Low","Very Low","224","224","224","80.29","80.29","80.29"
"WV","2026-08-22","3","2","0","0.17","0.11","0.00","Very Low","Very Low","Very Low","44","44","44","73.33","73.33","73.33"
"CT","2026-08-22","15","7","4","0.42","0.19","0.11","Very Low","Very Low","Very Low","29","29","29","90.63","90.63","90.63"
"GU","2026-08-22","1","0","0","0.65","0.00","0.00","Very Low","Very Low","Very Low","1","1","1","50","50","50"
"ME","2026-08-22","1","0","0","0.07","0.00","0.00","Very Low","Very Low","Very Low","30","30","30","81.08","81.08","81.08"
"TX","2026-08-22","347","77","25","1.14","0.25","0.08","Very Low","Very Low","Very Low","379","379","379","68.66","68.66","68.66"
"AR","2026-08-22","12","3","3","0.39","0.10","0.10","Very Low","Very Low","Very Low","57","57","57","60.64","60.64","60.64"
"MS","2026-08-22","33","16","3","1.13","0.55","0.10","Very Low","Very Low","Very Low","79","79","79","75.24","75.24","75.24"
"NJ","2026-08-22","83","27","8","0.89","0.29","0.09","Very Low","Very Low","Very Low","81","81","81","95.29","95.29","95.29"
"HI","2026-08-22","16","5","1","1.15","0.36","0.07","Very Low","Very Low","Very Low","20","20","20","71.43","71.43","71.43"
"KY","2026-08-22","13","7","2","0.29","0.16","0.04","Very Low","Very Low","Very Low","85","85","85","75.89","75.89","75.89"
"MD","2026-08-22","12","4","3","0.20","0.07","0.05","Very Low","Very Low","Very Low","37","37","37","72.55","72.55","72.55"
"NE","2026-08-22","6","2","1","0.30","0.10","0.05","Very Low","Very Low","Very Low","78","78","78","79.59","79.59","79.59"
"WA","2026-08-22","56","14","3","0.72","0.18","0.04","Very Low","Very Low","Very Low","94","94","94","96.91","96.91","96.91"
"MI","2026-08-22","86","77","66","0.86","0.77","0.66","Very Low","Very Low","Very Low","130","130","130","84.97","84.97","84.97"
"VI","2026-08-22","1","0","0","0.94","0.00","0.00","Very Low","Very Low","Very Low","1","1","1","50","50","50"
"MP","2026-08-22",,,,,,,"Data Unavailable","Data Unavailable","Data Unavailable","0","0","0","0","0","0"
"UT","2026-08-22","12","4","1","0.35","0.12","0.03","Very Low","Very Low","Very Low","53","53","53","94.64","94.64","94.64"
"IA","2026-08-22","5","2","1","0.16","0.06","0.03","Very Low","Very Low","Very Low","92","92","92","74.8","74.8","74.8"
"DE","2026-08-22","1","1","1","0.10","0.10","0.10","Very Low","Very Low","Very Low","11","11","11","100","100","100"
"VA","2026-08-22","38","18","2","0.44","0.21","0.02","Very Low","Very Low","Very Low","87","87","87","84.47","84.47","84.47"
"KS","2026-08-22","6","3","1","0.21","0.10","0.03","Very Low","Very Low","Very Low","79","79","79","54.48","54.48","54.48"
"WI","2026-08-22","17","8","1","0.29","0.14","0.02","Very Low","Very Low","Very Low","143","143","143","96.62","96.62","96.62"
"VT","2026-08-22","1","0","0","0.15","0.00","0.00","Very Low","Very Low","Very Low","13","13","13","86.67","86.67","86.67"
"AS","2026-08-22",,,,,,,"Data Unavailable","Data Unavailable","Data Unavailable","0","0","0","0","0","0"
"IN","2026-08-22","11","8","1","0.16","0.12","0.01","Very Low","Very Low","Very Low","116","116","116","81.12","81.12","81.12"
"ND","2026-08-22","0","1","1","0.00","0.13","0.13","Very Low","Very Low","Very Low","41","41","41","83.67","83.67","83.67"
"OR","2026-08-22","16","4","0","0.38","0.09","0.00","Very Low","Very Low","Very Low","45","45","45","72.58","72.58","72.58"
"PA","2026-08-22","57","139","60","0.44","1.07","0.46","Very Low","Very Low","Very Low","184","184","184","83.64","83.64","83.64"
"AK","2026-08-22","2","2","0","0.28","0.28","0.00","Very Low","Very Low","Very Low","16","16","16","66.67","66.67","66.67"
"LA","2026-08-22","65","9","6","1.43","0.20","0.13","Very Low","Very Low","Very Low","129","129","129","78.66","78.66","78.66"
"MA","2026-08-22","24","4","5","0.34","0.06","0.07","Very Low","Very Low","Very Low","77","77","77","85.56","85.56","85.56"
"NC","2026-08-22","141","13","7","1.31","0.12","0.07","Very Low","Very Low","Very Low","128","128","128","94.12","94.12","94.12"
"SD","2026-08-22","1","2","2","0.11","0.22","0.22","Very Low","Very Low","Very Low","50","50","50","81.97","81.97","81.97"
"ID","2026-08-22","9","0","0","0.46","0.00","0.00","Very Low","Very Low","Very Low","35","35","35","74.47","74.47","74.47"
"MO","2026-08-22","12","4","2","0.19","0.06","0.03","Very Low","Very Low","Very Low","86","86","86","69.35","69.35","69.35"
"OK","2026-08-22","13","3","0","0.32","0.07","0.00","Very Low","Very Low","Very Low","84","84","84","60.43","60.43","60.43"
"AL","2026-08-22","76","11","4","1.49","0.22","0.08","Very Low","Very Low","Very Low","93","93","93","93.94","93.94","93.94"
"TN","2026-08-22","50","20","1","0.70","0.28","0.01","Very Low","Very Low","Very Low","127","127","127","95.49","95.49","95.49"
"PR","2026-07-18","31","24","2","0.94","0.73","0.06","Very Low","Very Low","Very Low","28","28","28","50.91","50.91","50.91"
"DC","2026-07-18","1","1","1","0.15","0.15","0.15","Very Low","Very Low","Very Low","9","9","9","81.82","81.82","81.82"
"MN","2026-07-18","6","3","1","0.10","0.05","0.02","Very Low","Very Low","Very Low","118","118","118","89.39","89.39","89.39"
"MT","2026-07-18","2","0","0","0.18","0.00","0.00","Very Low","Very Low","Very Low","51","51","51","80.95","80.95","80.95"
"CA","2026-07-18","218","80","11","0.56","0.21","0.03","Very Low","Very Low","Very Low","324","324","324","81.2","81.2","81.2"
"GA","2026-07-18","42","11","13","0.38","0.10","0.12","Very Low","Very Low","Very Low","120","120","120","75","75","75"
"NV","2026-07-18","15","10","2","0.47","0.31","0.06","Very Low","Very Low","Very Low","39","39","39","75","75","75"
"NY","2026-07-18","65","10","7","0.33","0.05","0.04","Very Low","Very Low","Very Low","169","169","169","82.84","82.84","82.84"
"OH","2026-07-18","18","8","10","0.15","0.07","0.08","Very Low","Very Low","Very Low","191","191","191","88.84","88.84","88.84"
"AR","2026-07-18","7","0","4","0.23","0.00","0.13","Very Low","Very Low","Very Low","58","58","58","61.7","61.7","61.7"
"DE","2026-07-18","0","0","0","0.00","0.00","0.00","Very Low","Very Low","Very Low","11","11","11","100","100","100"
"VA","2026-07-18","12","12","1","0.14","0.14","0.01","Very Low","Very Low","Very Low","81","81","81","79.41","79.41","79.41"
"HI","2026-07-18","5","5","3","0.36","0.36","0.22","Very Low","Very Low","Very Low","21","21","21","75","75","75"
"KY","2026-07-18","7","8","5","0.16","0.18","0.11","Very Low","Very Low","Very Low","79","79","79","70.54","70.54","70.54"
"MD","2026-07-18","3","7","3","0.05","0.11","0.05","Very Low","Very Low","Very Low","38","38","38","74.51","74.51","74.51"
"NE","2026-07-18","3","1","0","0.15","0.05","0.00","Very Low","Very Low","Very Low","77","77","77","78.57","78.57","78.57"
"WA","2026-07-18","23","2","2","0.30","0.03","0.03","Very Low","Very Low","Very Low","94","94","94","96.91","96.91","96.91"
"MP","2026-07-18",,,,,,,"Data Unavailable","Data Unavailable","Data Unavailable","0","0","0","0","0","0"
"UT","2026-07-18","11","3","0","0.32","0.09","0.00","Very Low","Very Low","Very Low","53","53","53","94.64","94.64","94.64"
"FL","2026-07-18","206","107","72","0.91","0.47","0.32","Very Low","Very Low","Very Low","227","227","227","81.07","81.07","81.07"
"WV","2026-07-18","3","1","3","0.17","0.06","0.17","Very Low","Very Low","Very Low","60","60","60","100","100","100"
"WY","2026-07-18","1","0","0","0.17","0.00","0.00","Very Low","Very Low","Very Low","19","19","19","63.33","63.33","63.33"
"IA","2026-07-18","2","0","0","0.06","0.00","0.00","Very Low","Very Low","Very Low","92","92","92","74.8","74.8","74.8"
"MS","2026-07-18","15","6","6","0.51","0.20","0.20","Very Low","Very Low","Very Low","77","77","77","73.33","73.33","73.33"
"NJ","2026-07-18","34","11","4","0.37","0.12","0.04","Very Low","Very Low","Very Low","83","83","83","97.65","97.65","97.65"
"KS","2026-07-18","8","1","1","0.27","0.03","0.03","Very Low","Very Low","Very Low","85","85","85","58.62","58.62","58.62"
"WI","2026-07-18","5","2","6","0.08","0.03","0.10","Very Low","Very Low","Very Low","142","142","142","95.95","95.95","95.95"
"VT","2026-07-18","3","1","1","0.46","0.15","0.15","Very Low","Very Low","Very Low","14","14","14","93.33","93.33","93.33"
"AS","2026-07-18",,,,,,,"Data Unavailable","Data Unavailable","Data Unavailable","0","0","0","0","0","0"
"IN","2026-07-18","6","4","3","0.09","0.06","0.04","Very Low","Very Low","Very Low","130","130","130","90.91","90.91","90.91"
"ND","2026-07-18","0","2","1","0.00","0.26","0.13","Very Low","Very Low","Very Low","42","42","42","85.71","85.71","85.71"
"OR","2026-07-18","2","3","0","0.05","0.07","0.00","Very Low","Very Low","Very Low","36","36","36","58.06","58.06","58.06"
"PA","2026-07-18","25","128","49","0.19","0.99","0.38","Very Low","Very Low","Very Low","182","182","182","82.73","82.73","82.73"
"AK","2026-07-18","0","4","1","0.00","0.56","0.14","Very Low","Very Low","Very Low","15","15","15","62.5","62.5","62.5"
"LA","2026-07-18","35","25","2","0.77","0.55","0.04","Very Low","Very Low","Very Low","126","126","126","76.83","76.83","76.83"
"MA","2026-07-18","9","0","4","0.13","0.00","0.06","Very Low","Very Low","Very Low","86","86","86","95.56","95.56","95.56"
"NC","2026-07-18","52","10","13","0.48","0.09","0.12","Very Low","Very Low","Very Low","125","125","125","91.91","91.91","91.91"
"SD","2026-07-18","0","2","0","0.00","0.22","0.00","Very Low","Very Low","Very Low","45","45","45","73.77","73.77","73.77"
"ID","2026-07-18","8","3","1","0.41","0.15","0.05","Very Low","Very Low","Very Low","33","33","33","70.21","70.21","70.21"
"MO","2026-07-18","5","7","3","0.08","0.11","0.05","Very Low","Very Low","Very Low","90","90","90","72.58","72.58","72.58"
"OK","2026-07-18","5","7","4","0.12","0.17","0.10","Very Low","Very Low","Very Low","88","88","88","63.31","63.31","63.31"
"SC","2026-07-18","19","2","4","0.36","0.04","0.07","Very Low","Very Low","Very Low","68","68","68","90.67","90.67","90.67"
"DC","2026-07-04","1","3","0","0.15","0.44","0.00","Very Low","Very Low","Very Low","10","10","10","90.91","90.91","90.91"
"MN","2026-07-04","4","3","5","0.07","0.05","0.09","Very Low","Very Low","Very Low","116","116","116","87.88","87.88","87.88"
"MT","2026-07-04","3","1","0","0.27","0.09","0.00","Very Low","Very Low","Very Low","48","48","48","76.19","76.19","76.19"
"CT","2026-07-04","6","1","2","0.17","0.03","0.06","Very Low","Very Low","Very Low","30","30","30","93.75","93.75","93.75"
"GU","2026-07-04","1","0","0","0.65","0.00","0.00","Very Low","Very Low","Very Low","1","1","1","50","50","50"
"ME","2026-07-04","0","1","1","0.00","0.07","0.07","Very Low","Very Low","Very Low","34","34","34","91.89","91.89","91.89"
"TX","2026-07-04","120","76","24","0.39","0.25","0.08","Very Low","Very Low","Very Low","366","366","366","66.3","66.3","66.3"
"CA","2026-07-04","152","102","19","0.39","0.26","0.05","Very Low","Very Low","Very Low","308","308","308","77.19","77.19","77.19"
"GA","2026-07-04","24","15","12","0.22","0.14","0.11","Very Low","Very Low","Very Low","122","122","122","76.25","76.25","76.25"
"NV","2026-07-04","10","6","1","0.31","0.19","0.03","Very Low","Very Low","Very Low","39","39","39","75","75","75"
"NY","2026-07-04","59","14","18","0.30","0.07","0.09","Very Low","Very Low","Very Low","166","166","166","81.37","81.37","81.37"
"OH","2026-07-04","12","5","5","0.10","0.04","0.04","Very Low","Very Low","Very Low","190","190","190","88.37","88.37","88.37"
"AR","2026-07-04","1","0","4","0.03","0.00","0.13","Very Low","Very Low","Very Low","61","61","61","65.59","65.59","65.59"
"FL","2026-07-04","174","96","60","0.77","0.43","0.27","Very Low","Very Low","Very Low","215","215","215","77.34","77.34","77.34"
"WV","2026-07-04","1","1","7","0.06","0.06","0.40","Very Low","Very Low","Very Low","60","60","60","100","100","100"
"MP","2026-07-04",,,,,,,"Data Unavailable","Data Unavailable","Data Unavailable","0","0","0","0","0","0"
"UT","2026-07-04","1","0","2","0.03","0.00","0.06","Very Low","Very Low","Very Low","52","52","52","92.86","92.86","92.86"
"HI","2026-07-04","7","11","9","0.50","0.79","0.65","Very Low","Very Low","Very Low","18","18","18","64.29","64.29","64.29"
"KY","2026-07-04","5","7","10","0.11","0.16","0.22","Very Low","Very Low","Very Low","90","90","90","80.36","80.36","80.36"
"MD","2026-07-04","12","7","3","0.20","0.11","0.05","Very Low","Very Low","Very Low","38","38","38","74.51","74.51","74.51"
"NE","2026-07-04","4","1","2","0.20","0.05","0.10","Very Low","Very Low","Very Low","76","76","76","77.55","77.55","77.55"
"WA","2026-07-04","12","13","2","0.15","0.17","0.03","Very Low","Very Low","Very Low","95","95","95","97.94","97.94","97.94"
"DE","2026-07-04","2","4","2","0.19","0.39","0.19","Very Low","Very Low","Very Low","11","11","11","100","100","100"
"VA","2026-07-04","11","11","7","0.13","0.13","0.08","Very Low","Very Low","Very Low","86","86","86","84.31","84.31","84.31"
"WY","2026-07-04","3","1","2","0.52","0.17","0.34","Very Low","Very Low","Very Low","21","21","21","70","70","70"
"IA","2026-07-04","4","2","0","0.12","0.06","0.00","Very Low","Very Low","Very Low","92","92","92","74.8","74.8","74.8"
"MS","2026-07-04","13","9","2","0.44","0.31","0.07","Very Low","Very Low","Very Low","84","84","84","80","80","80"
"NJ","2026-07-04","39","21","16","0.42","0.23","0.17","Very Low","Very Low","Very Low","81","81","81","95.29","95.29","95.29"
"ID","2026-06-20","0","6","1","0.00","0.31","0.05","Very Low","Very Low","Very Low","35","35","35","74.47","74.47","74.47"
"MO","2026-06-20","9","9","2","0.15","0.15","0.03","Very Low","Very Low","Very Low","84","84","84","67.74","67.74","67.74"
"OK","2026-06-20","8","3","1","0.20","0.07","0.02","Very Low","Very Low","Very Low","90","90","90","64.75","64.75","64.75"
"DC","2026-06-20","0","0","1","0.00","0.00","0.15","Very Low","Very Low","Very Low","9","9","9","81.82","81.82","81.82"
"MN","2026-06-20","5","1","9","0.09","0.02","0.16","Very Low","Very Low","Very Low","117","117","117","88.64","88.64","88.64"
"MT","2026-06-20","0","1","3","0.00","0.09","0.27","Very Low","Very Low","Very Low","43","43","43","68.25","68.25","68.25"
"CT","2026-06-20","6","2","3","0.17","0.06","0.08","Very Low","Very Low","Very Low","31","31","31","96.88","96.88","96.88"
"GU","2026-06-20","5","0","0","3.25","0.00","0.00","Moderate","Very Low","Very Low","1","1","1","50","50","50"
"ME","2026-06-20","0","0","3","0.00","0.00","0.22","Very Low","Very Low","Very Low","35","35","35","94.59","94.59","94.59"
"TX","2026-06-20","70","67","39","0.23","0.22","0.13","Very Low","Very Low","Very Low","365","365","365","68.22","68.22","68.22"
"AR","2026-06-20","3","1","6","0.10","0.03","0.20","Very Low","Very Low","Very Low","62","62","62","66.67","66.67","66.67"
"FL","2026-06-20","138","95","74","0.61","0.42","0.33","Very Low","Very Low","Very Low","227","227","227","81.65","81.65","81.65"
"WV","2026-06-20","0","2","2","0.00","0.11","0.11","Very Low","Very Low","Very Low","60","60","60","100","100","100"
"HI","2026-06-20","3","6","8","0.22","0.43","0.57","Very Low","Very Low","Very Low","19","19","19","67.86","67.86","67.86"
"KY","2026-06-20","6","3","6","0.13","0.07","0.13","Very Low","Very Low","Very Low","85","85","85","75.89","75.89","75.89"
"MD","2026-06-20","6","9","4","0.10","0.15","0.07","Very Low","Very Low","Very Low","37","37","37","72.55","72.55","72.55"
"NE","2026-06-20","1","7","1","0.05","0.35","0.05","Very Low","Very Low","Very Low","81","81","81","82.65","82.65","82.65"
"WA","2026-06-20","6","15","5","0.08","0.19","0.06","Very Low","Very Low","Very Low","93","93","93","95.88","95.88","95.88"
"MP","2026-06-20",,,,,,,"Data Unavailable","Data Unavailable","Data Unavailable","0","0","0","0","0","0"
"UT","2026-06-20","5","5","1","0.15","0.15","0.03","Very Low","Very Low","Very Low","51","51","51","91.07","91.07","91.07"
"DE","2026-06-20","0","0","0","0.00","0.00","0.00","Very Low","Very Low","Very Low","10","10","10","90.91","90.91","90.91"
"VA","2026-06-20","17","5","9","0.20","0.06","0.10","Very Low","Very Low","Very Low","70","70","70","68.63","68.63","68.63"
"WY","2026-06-20","1","1","0","0.17","0.17","0.00","Very Low","Very Low","Very Low","23","23","23","76.67","76.67","76.67"
"IA","2026-06-20","3","2","2","0.09","0.06","0.06","Very Low","Very Low","Very Low","97","97","97","78.86","78.86","78.86"
"MS","2026-06-20","11","7","4","0.38","0.24","0.14","Very Low","Very Low","Very Low","81","81","81","77.14","77.14","77.14"
"NJ","2026-06-20","18","16","12","0.19","0.17","0.13","Very Low","Very Low","Very Low","81","81","81","95.29","95.29","95.29"
"CT","2026-07-11","4","1","0","0.11","0.03","0.00","Very Low","Very Low","Very Low","30","30","30","93.75","93.75","93.75"
"GU","2026-07-11","3","0","0","1.95","0.00","0.00","Moderate","Very Low","Very Low","1","1","1","50","50","50"
"ME","2026-07-11","1","0","1","0.07","0.00","0.07","Very Low","Very Low","Very Low","34","34","34","91.89","91.89","91.89"
"TX","2026-07-11","147","64","28","0.48","0.21","0.09","Very Low","Very Low","Very Low","359","359","359","65.04","65.04","65.04"
"PR","2026-07-11","42","21","5","1.28","0.64","0.15","Very Low","Very Low","Very Low","29","29","29","52.73","52.73","52.73"
"CA","2026-07-11","168","92","9","0.43","0.24","0.02","Very Low","Very Low","Very Low","256","256","256","64.16","64.16","64.16"
"GA","2026-07-11","24","11","13","0.22","0.10","0.12","Very Low","Very Low","Very Low","117","117","117","73.13","73.13","73.13"
"NV","2026-07-11","7","11","0","0.22","0.35","0.00","Very Low","Very Low","Very Low","31","31","31","59.62","59.62","59.62"
"NY","2026-07-11","51","15","17","0.26","0.08","0.09","Very Low","Very Low","Very Low","162","162","162","79.41","79.41","79.41"
"OH","2026-07-11","12","6","11","0.10","0.05","0.09","Very Low","Very Low","Very Low","189","189","189","87.91","87.91","87.91"
"AR","2026-07-11","7","3","3","0.23","0.10","0.10","Very Low","Very Low","Very Low","53","53","53","56.99","56.99","56.99"
"DE","2026-07-11","0","0","0","0.00","0.00","0.00","Very Low","Very Low","Very Low","10","10","10","90.91","90.91","90.91"
"VA","2026-07-11","9","4","4","0.10","0.05","0.05","Very Low","Very Low","Very Low","78","78","78","76.47","76.47","76.47"
"HI","2026-07-11","6","7","3","0.43","0.50","0.22","Very Low","Very Low","Very Low","20","20","20","71.43","71.43","71.43"
"KY","2026-07-11","8","9","4","0.18","0.20","0.09","Very Low","Very Low","Very Low","75","75","75","66.96","66.96","66.96"
"MD","2026-07-11","3","3","1","0.05","0.05","0.02","Very Low","Very Low","Very Low","34","34","34","66.67","66.67","66.67"
"NE","2026-07-11","1","2","1","0.05","0.10","0.05","Very Low","Very Low","Very Low","72","72","72","73.47","73.47","73.47"
"WA","2026-07-11","17","4","2","0.22","0.05","0.03","Very Low","Very Low","Very Low","94","94","94","96.91","96.91","96.91"
"MP","2026-07-11",,,,,,,"Data Unavailable","Data Unavailable","Data Unavailable","0","0","0","0","0","0"
"UT","2026-07-11","5","3","1","0.15","0.09","0.03","Very Low","Very Low","Very Low","52","52","52","92.86","92.86","92.86"
"FL","2026-07-11","206","117","66","0.91","0.52","0.29","Very Low","Very Low","Very Low","225","225","225","80.36","80.36","80.36"
"WV","2026-07-11","2","1","2","0.11","0.06","0.11","Very Low","Very Low","Very Low","56","56","56","93.33","93.33","93.33"
"WY","2026-07-11","2","0","0","0.34","0.00","0.00","Very Low","Very Low","Very Low","16","16","16","53.33","53.33","53.33"
"IA","2026-07-11","4","2","0","0.12","0.06","0.00","Very Low","Very Low","Very Low","87","87","87","70.73","70.73","70.73"
"MS","2026-07-11","8","5","1","0.27","0.17","0.03","Very Low","Very Low","Very Low","75","75","75","71.43","71.43","71.43"
"NJ","2026-07-11","27","12","11","0.29","0.13","0.12","Very Low","Very Low","Very Low","81","81","81","95.29","95.29","95.29"
"KS","2026-05-16","7","3","10","0.24","0.10","0.34","Very Low","Very Low","Very Low","91","91","91","62.76","62.76","62.76"
"WI","2026-05-16","13","7","40","0.22","0.12","0.68","Very Low","Very Low","Very Low","141","141","141","95.27","95.27","95.27"
"HI","2026-05-16","1","7","10","0.07","0.50","0.72","Very Low","Very Low","Low","21","21","21","75","75","75"
"KY","2026-05-16","22","13","34","0.49","0.29","0.75","Very Low","Very Low","Very Low","94","94","94","83.93","83.93","83.93"
"MD","2026-05-16","9","13","12","0.15","0.21","0.20","Very Low","Very Low","Very Low","36","36","36","70.59","70.59","70.59"
"NE","2026-05-16","6","2","16","0.30","0.10","0.81","Very Low","Very Low","Low","77","77","77","78.57","78.57","78.57"
"WA","2026-05-16","24","27","11","0.31","0.35","0.14","Very Low","Very Low","Very Low","94","94","94","96.91","96.91","96.91"
"IL","2026-05-16","15","22","37","0.12","0.18","0.30","Very Low","Very Low","Very Low","151","151","151","76.26","76.26","76.26"
"SC","2026-05-16","29","8","9","0.54","0.15","0.17","Very Low","Very Low","Very Low","71","71","71","94.67","94.67","94.67"
"AS","2026-05-16",,,,,,,"Data Unavailable","Data Unavailable","Data Unavailable","0","0","0","0","0","0"
"IN","2026-05-16","18","18","24","0.26","0.26","0.35","Very Low","Very Low","Very Low","126","126","126","88.11","88.11","88.11"
"ND","2026-05-16","2","7","14","0.26","0.90","1.80","Very Low","Very Low","Low","42","42","42","85.71","85.71","85.71"
"OR","2026-05-16","5","10","8","0.12","0.24","0.19","Very Low","Very Low","Very Low","43","43","43","69.35","69.35","69.35"
"PA","2026-05-16","88","140","141","0.68","1.08","1.09","Very Low","Very Low","Low","182","182","182","84.65","84.65","84.65"
"CT","2026-05-16","7","5","13","0.19","0.14","0.36","Very Low","Very Low","Very Low","32","32","32","100","100","100"
"GU","2026-05-16","3","0","0","1.95","0.00","0.00","Moderate","Very Low","Very Low","1","1","1","50","50","50"
"ME","2026-05-16","3","4","2","0.22","0.29","0.14","Very Low","Very Low","Very Low","27","27","27","72.97","72.97","72.97"
"TX","2026-05-16","124","110","93","0.41","0.36","0.31","Very Low","Very Low","Very Low","374","374","374","70.17","70.17","70.17"
"CA","2026-05-16","145","169","67","0.37","0.44","0.17","Very Low","Very Low","Very Low","313","313","313","78.45","78.45","78.45"
"GA","2026-05-16","51","27","27","0.46","0.25","0.25","Very Low","Very Low","Very Low","123","123","123","76.88","76.88","76.88"
"NV","2026-05-16","5","31","8","0.16","0.97","0.25","Very Low","Very Low","Very Low","37","37","37","72.55","72.55","72.55"
"NY","2026-05-16","89","42","74","0.46","0.21","0.38","Very Low","Very Low","Very Low","163","163","163","79.9","79.9","79.9"
"ID","2026-06-27","3","2","0","0.15","0.10","0.00","Very Low","Very Low","Very Low","31","31","31","65.96","65.96","65.96"
"MO","2026-06-27","3","10","3","0.05","0.16","0.05","Very Low","Very Low","Very Low","91","91","91","73.39","73.39","73.39"
"OK","2026-06-27","13","6","2","0.32","0.15","0.05","Very Low","Very Low","Very Low","90","90","90","64.75","64.75","64.75"
"DC","2026-06-27","1","3","0","0.15","0.44","0.00","Very Low","Very Low","Very Low","8","8","8","72.73","72.73","72.73"
"MN","2026-06-27","8","3","5","0.14","0.05","0.09","Very Low","Very Low","Very Low","117","117","117","88.64","88.64","88.64"
"MT","2026-06-27","9","1","0","0.80","0.09","0.00","Very Low","Very Low","Very Low","52","52","52","82.54","82.54","82.54"
"CT","2026-06-27","5","3","3","0.14","0.08","0.08","Very Low","Very Low","Very Low","28","28","28","87.5","87.5","87.5"
"GU","2026-06-27","1","0","0","0.65","0.00","0.00","Very Low","Very Low","Very Low","1","1","1","50","50","50"
"ME","2026-06-27","0","0","2","0.00","0.00","0.14","Very Low","Very Low","Very Low","32","32","32","86.49","86.49","86.49"
"TX","2026-06-27","86","73","30","0.28","0.24","0.10","Very Low","Very Low","Very Low","405","405","405","73.37","73.37","73.37"
"AR","2026-06-27","5","4","7","0.16","0.13","0.23","Very Low","Very Low","Very Low","58","58","58","62.37","62.37","62.37"
"FL","2026-06-27","175","105","59","0.78","0.47","0.26","Very Low","Very Low","Very Low","232","232","232","83.45","83.45","83.45"
"WV","2026-06-27","2","2","2","0.11","0.11","0.11","Very Low","Very Low","Very Low","59","59","59","98.33","98.33","98.33"
"MP","2026-06-27","7","0","0","14.79","0.00","0.00","Very High","Very Low","Very Low","1","1","1","100","100","100"
"UT","2026-06-27","4","1","0","0.12","0.03","0.00","Very Low","Very Low","Very Low","51","51","51","91.07","91.07","91.07"
"HI","2026-06-27","5","5","7","0.36","0.36","0.50","Very Low","Very Low","Very Low","21","21","21","75","75","75"
"KY","2026-06-27","7","8","3","0.16","0.18","0.07","Very Low","Very Low","Very Low","90","90","90","80.36","80.36","80.36"
"MD","2026-06-27","11","5","1","0.18","0.08","0.02","Very Low","Very Low","Very Low","38","38","38","74.51","74.51","74.51"
"NE","2026-06-27","1","8","3","0.05","0.41","0.15","Very Low","Very Low","Very Low","83","83","83","84.69","84.69","84.69"
"WA","2026-06-27","9","11","1","0.12","0.14","0.01","Very Low","Very Low","Very Low","93","93","93","95.88","95.88","95.88"
"DE","2026-06-27","1","0","0","0.10","0.00","0.00","Very Low","Very Low","Very Low","9","9","9","81.82","81.82","81.82"
"VA","2026-06-27","12","11","7","0.14","0.13","0.08","Very Low","Very Low","Very Low","85","85","85","83.33","83.33","83.33"
"WY","2026-06-27","2","1","0","0.34","0.17","0.00","Very Low","Very Low","Very Low","23","23","23","76.67","76.67","76.67"
"IA","2026-06-27","3","2","1","0.09","0.06","0.03","Very Low","Very Low","Very Low","95","95","95","77.24","77.24","77.24"
"MS","2026-06-27","7","4","3","0.24","0.14","0.10","Very Low","Very Low","Very Low","77","77","77","73.33","73.33","73.33"
"NJ","2026-06-27","28","13","8","0.30","0.14","0.09","Very Low","Very Low","Very Low","82","82","82","96.47","96.47","96.47"
"NM","2026-05-23","2","4","5","0.10","0.19","0.24","Very Low","Very Low","Very Low","38","38","38","77.55","77.55","77.55"
"USA","2026-05-23","1,175","1,180","1,059","0.35","0.35","0.31","Very Low","Very Low","Very Low","4,541","4,541","4,541","79.17","79.17","79.17"
"AL","2026-05-23","43","23","9","0.84","0.45","0.18","Very Low","Very Low","Very Low","90","90","90","90","90","90"
"KS","2026-05-23","2","5","7","0.07","0.17","0.24","Very Low","Very Low","Very Low","82","82","82","56.55","56.55","56.55"
"TN","2026-05-23","30","33","24","0.42","0.46","0.34","Very Low","Very Low","Very Low","124","124","124","93.23","93.23","93.23"
"AS","2026-05-23",,,,,,,"Data Unavailable","Data Unavailable","Data Unavailable","0","0","0","0","0","0"
"IN","2026-05-23","12","18","23","0.17","0.26","0.34","Very Low","Very Low","Very Low","124","124","124","86.71","86.71","86.71"
"ND","2026-05-23","4","7","6","0.51","0.90","0.77","Very Low","Very Low","Very Low","40","40","40","81.63","81.63","81.63"
"NV","2026-05-23","1","25","5","0.03","0.79","0.16","Very Low","Very Low","Very Low","35","35","35","68.63","68.63","68.63"
"OR","2026-05-23","3","4","7","0.07","0.09","0.17","Very Low","Very Low","Very Low","38","38","38","61.29","61.29","61.29"
"PA","2026-05-23","76","185","154","0.59","1.43","1.19","Very Low","Low","Low","194","194","194","90.23","90.23","90.23"
"CT","2026-05-23","5","2","16","0.14","0.06","0.44","Very Low","Very Low","Very Low","28","28","28","87.5","87.5","87.5"
"GU","2026-05-23",,,,,,,"Data Unavailable","Data Unavailable","Data Unavailable","0","0","0","0","0","0"
"ID","2026-05-23","8","6","2","0.41","0.31","0.10","Very Low","Very Low","Very Low","32","32","32","68.09","68.09","68.09"
"MO","2026-05-23","9","13","11","0.15","0.21","0.18","Very Low","Very Low","Very Low","85","85","85","68.55","68.55","68.55"
"OK","2026-05-23","3","8","9","0.07","0.20","0.22","Very Low","Very Low","Very Low","89","89","89","64.03","64.03","64.03"
"SC","2026-05-23","31","11","12","0.58","0.21","0.22","Very Low","Very Low","Very Low","71","71","71","94.67","94.67","94.67"
"DC","2026-05-23","6","2","0","0.89","0.30","0.00","Very Low","Very Low","Very Low","8","8","8","72.73","72.73","72.73"
"MN","2026-05-23","15","11","19","0.26","0.19","0.33","Very Low","Very Low","Very Low","118","118","118","89.39","89.39","89.39"
"MT","2026-05-23","0","2","17","0.00","0.18","1.51","Very Low","Very Low","Low","49","49","49","77.78","77.78","77.78"
"KS","2026-05-09","5","2","9","0.17","0.07","0.31","Very Low","Very Low","Very Low","90","90","90","62.07","62.07","62.07"
"WI","2026-05-09","11","2","52","0.19","0.03","0.88","Very Low","Very Low","Low","134","134","134","90.54","90.54","90.54"
"HI","2026-05-09","4","5","9","0.29","0.36","0.65","Very Low","Very Low","Very Low","21","21","21","75","75","75"
"KY","2026-05-09","17","5","35","0.38","0.11","0.78","Very Low","Very Low","Very Low","86","86","86","76.79","76.79","76.79"
"MD","2026-05-09","28","20","8","0.46","0.33","0.13","Very Low","Very Low","Very Low","42","42","42","82.35","82.35","82.35"
"NE","2026-05-09","5","5","15","0.25","0.25","0.76","Very Low","Very Low","Low","78","78","78","79.59","79.59","79.59"
"WA","2026-05-09","16","30","30","0.21","0.39","0.39","Very Low","Very Low","Very Low","95","95","95","97.94","97.94","97.94"
"IL","2026-05-09","31","44","51","0.25","0.35","0.41","Very Low","Very Low","Very Low","163","163","163","82.32","82.32","82.32"
"SC","2026-05-09","27","7","17","0.51","0.13","0.32","Very Low","Very Low","Very Low","69","69","69","92","92","92"
"AS","2026-05-09",,,,,,,"Data Unavailable","Data Unavailable","Data Unavailable","0","0","0","0","0","0"
"IN","2026-05-09","10","18","38","0.15","0.26","0.55","Very Low","Very Low","Very Low","129","129","129","90.21","90.21","90.21"
"ND","2026-05-09","6","3","10","0.77","0.39","1.29","Very Low","Very Low","Low","40","40","40","81.63","81.63","81.63"
"OR","2026-05-09","8","14","14","0.19","0.33","0.33","Very Low","Very Low","Very Low","44","44","44","70.97","70.97","70.97"
"PA","2026-05-09","121","182","122","0.93","1.40","0.94","Very Low","Very Low","Low","195","195","195","90.7","90.7","90.7"
"CT","2026-05-09","11","8","16","0.30","0.22","0.44","Very Low","Very Low","Very Low","30","30","30","93.75","93.75","93.75"
"GU","2026-05-09",,,,,,,"Data Unavailable","Data Unavailable","Data Unavailable","0","0","0","0","0","0"
"ME","2026-05-09","0","3","8","0.00","0.22","0.57","Very Low","Very Low","Very Low","35","35","35","94.59","94.59","94.59"
"TX","2026-05-09","75","134","125","0.25","0.44","0.41","Very Low","Very Low","Very Low","384","384","384","72.05","72.05","72.05"
"AZ","2026-05-09","26","48","21","0.35","0.65","0.28","Very Low","Very Low","Very Low","87","87","87","87.88","87.88","87.88"
"WY","2026-05-09","6","5","10","1.03","0.86","1.72","Very Low","Very Low","Low","23","23","23","76.67","76.67","76.67"
"WI","2026-06-06","6","4","12","0.10","0.07","0.20","Very Low","Very Low","Very Low","146","146","146","98.65","98.65","98.65"
"NM","2026-06-06","6","1","5","0.29","0.05","0.24","Very Low","Very Low","Very Low","40","40","40","81.63","81.63","81.63"
"USA","2026-06-06","955","969","755","0.28","0.29","0.22","Very Low","Very Low","Very Low","4,586","4,586","4,586","79.97","79.97","79.97"
"CT","2026-06-06","3","2","3","0.08","0.06","0.08","Very Low","Very Low","Very Low","30","30","30","93.75","93.75","93.75"
"GU","2026-06-06",,,,,,,"Data Unavailable","Data Unavailable","Data Unavailable","0","0","0","0","0","0"
"ID","2026-06-06","10","3","2","0.51","0.15","0.10","Very Low","Very Low","Very Low","34","34","34","72.34","72.34","72.34"
"MO","2026-06-06","5","7","6","0.08","0.11","0.10","Very Low","Very Low","Very Low","85","85","85","68.55","68.55","68.55"
"OK","2026-06-06","4","13","4","0.10","0.32","0.10","Very Low","Very Low","Very Low","87","87","87","62.59","62.59","62.59"
"AS","2026-06-06",,,,,,,"Data Unavailable","Data Unavailable","Data Unavailable","0","0","0","0","0","0"
"IN","2026-06-06","17","6","19","0.25","0.09","0.28","Very Low","Very Low","Very Low","129","129","129","90.21","90.21","90.21"
"ND","2026-06-06","3","2","3","0.39","0.26","0.39","Very Low","Very Low","Very Low","42","42","42","85.71","85.71","85.71"
"NV","2026-06-06","12","14","7","0.38","0.44","0.22","Very Low","Very Low","Very Low","38","38","38","74.51","74.51","74.51"
"OR","2026-06-06","1","3","3","0.02","0.07","0.07","Very Low","Very Low","Very Low","40","40","40","64.52","64.52","64.52"
"PA","2026-06-06","42","174","87","0.32","1.34","0.67","Very Low","Very Low","Very Low","173","173","173","80.47","80.47","80.47"
"SC","2026-06-06","21","3","10","0.39","0.06","0.19","Very Low","Very Low","Very Low","71","71","71","94.67","94.67","94.67"
"DC","2026-06-06","1","1","0","0.15","0.15","0.00","Very Low","Very Low","Very Low","10","10","10","90.91","90.91","90.91"
"MN","2026-06-06","4","6","25","0.07","0.10","0.44","Very Low","Very Low","Very Low","117","117","117","88.64","88.64","88.64"
"MT","2026-06-06","1","0","7","0.09","0.00","0.62","Very Low","Very Low","Very Low","47","47","47","74.6","74.6","74.6"
"DE","2026-05-30","1","2","10","0.10","0.19","0.97","Very Low","Very Low","Low","11","11","11","100","100","100"
"MS","2026-05-30","7","8","10","0.24","0.27","0.34","Very Low","Very Low","Very Low","87","87","87","82.86","82.86","82.86"
"NJ","2026-05-30","47","20","19","0.51","0.22","0.20","Very Low","Very Low","Very Low","83","83","83","97.65","97.65","97.65"
"VA","2026-05-30","17","14","18","0.20","0.16","0.21","Very Low","Very Low","Very Low","85","85","85","83.33","83.33","83.33"
"AL","2026-05-30","37","18","14","0.73","0.35","0.27","Very Low","Very Low","Very Low","95","95","95","95","95","95"
"KS","2026-05-30","8","2","5","0.27","0.07","0.17","Very Low","Very Low","Very Low","88","88","88","60.69","60.69","60.69"
"TN","2026-05-30","38","31","16","0.53","0.44","0.23","Very Low","Very Low","Very Low","127","127","127","95.49","95.49","95.49"
"HI","2026-05-30","2","6","6","0.14","0.43","0.43","Very Low","Very Low","Very Low","13","13","13","46.43","46.43","46.43"
"KY","2026-05-30","13","11","23","0.29","0.24","0.51","Very Low","Very Low","Very Low","88","88","88","78.57","78.57","78.57"
"MD","2026-05-30","12","12","7","0.20","0.20","0.11","Very Low","Very Low","Very Low","36","36","36","70.59","70.59","70.59"
"NE","2026-05-30","1","0","17","0.05","0.00","0.86","Very Low","Very Low","Low","79","79","79","80.61","80.61","80.61"
"WA","2026-05-30","19","10","10","0.24","0.13","0.13","Very Low","Very Low","Very Low","95","95","95","97.94","97.94","97.94"
"WY","2026-05-30","4","2","2","0.69","0.34","0.34","Very Low","Very Low","Very Low","23","23","23","76.67","76.67","76.67"
"AK","2026-05-30","0","2","1","0.00","0.28","0.14","Very Low","Very Low","Very Low","17","17","17","70.83","70.83","70.83"
"MA","2026-05-30","9","8","23","0.13","0.11","0.33","Very Low","Very Low","Very Low","85","85","85","94.44","94.44","94.44"
"NC","2026-05-30","45","7","24","0.42","0.07","0.22","Very Low","Very Low","Very Low","118","118","118","87.41","87.41","87.41"
"SD","2026-05-30","5","0","2","0.55","0.00","0.22","Very Low","Very Low","Very Low","52","52","52","85.25","85.25","85.25"
"WI","2026-05-30","5","3","15","0.08","0.05","0.25","Very Low","Very Low","Very Low","128","128","128","86.49","86.49","86.49"
"NM","2026-05-30","4","3","3","0.19","0.14","0.14","Very Low","Very Low","Very Low","40","40","40","81.63","81.63","81.63"
"USA","2026-05-30","1,003","997","901","0.30","0.30","0.27","Very Low","Very Low","Very Low","4,654","4,654","4,654","81.14","81.14","81.14"
"AS","2026-05-30",,,,,,,"Data Unavailable","Data Unavailable","Data Unavailable","0","0","0","0","0","0"
"IN","2026-05-30","21","11","23","0.31","0.16","0.34","Very Low","Very Low","Very Low","126","126","126","88.11","88.11","88.11"
"ND","2026-05-30","1","7","4","0.13","0.90","0.51","Very Low","Very Low","Very Low","41","41","41","83.67","83.67","83.67"
"NV","2026-05-30","12","26","5","0.38","0.82","0.16","Very Low","Very Low","Very Low","39","39","39","76.47","76.47","76.47"
"OR","2026-05-30","4","1","10","0.09","0.02","0.24","Very Low","Very Low","Very Low","44","44","44","70.97","70.97","70.97"
"PA","2026-05-30","46","138","128","0.35","1.06","0.99","Very Low","Very Low","Low","191","191","191","88.84","88.84","88.84"
"CT","2026-05-30","4","2","9","0.11","0.06","0.25","Very Low","Very Low","Very Low","28","28","28","87.5","87.5","87.5"
"GU","2026-05-30","0","1","0","0.00","0.65","0.00","Very Low","Very Low","Very Low","1","1","1","50","50","50"
"ID","2026-05-30","1","2","3","0.05","0.10","0.15","Very Low","Very Low","Very Low","26","26","26","55.32","55.32","55.32"
"MO","2026-05-30","6","18","13","0.10","0.29","0.21","Very Low","Very Low","Very Low","88","88","88","70.97","70.97","70.97"
"OK","2026-05-30","9","7","5","0.22","0.17","0.12","Very Low","Very Low","Very Low","86","86","86","61.87","61.87","61.87"
"SC","2026-05-30","14","7","14","0.26","0.13","0.26","Very Low","Very Low","Very Low","70","70","70","93.33","93.33","93.33"
"DC","2026-05-30","1","3","1","0.15","0.44","0.15","Very Low","Very Low","Very Low","8","8","8","72.73","72.73","72.73"
"MN","2026-05-30","7","8","15","0.12","0.14","0.26","Very Low","Very Low","Very Low","119","119","119","90.15","90.15","90.15"
"MT","2026-05-30","16","1","21","1.42","0.09","1.86","Very Low","Very Low","Low","55","55","55","87.3","87.3","87.3"
"KS","2026-07-11","8","3","3","0.27","0.10","0.10","Very Low","Very Low","Very Low","81","81","81","55.86","55.86","55.86"
"WI","2026-07-11","4","6","2","0.07","0.10","0.03","Very Low","Very Low","Very Low","138","138","138","93.24","93.24","93.24"
"VT","2026-07-11","2","0","0","0.31","0.00","0.00","Very Low","Very Low","Very Low","14","14","14","93.33","93.33","93.33"
"AS","2026-07-11",,,,,,,"Data Unavailable","Data Unavailable","Data Unavailable","0","0","0","0","0","0"
"IN","2026-07-11","12","5","2","0.17","0.07","0.03","Very Low","Very Low","Very Low","124","124","124","86.71","86.71","86.71"
"ND","2026-07-11","2","3","0","0.26","0.39","0.00","Very Low","Very Low","Very Low","33","33","33","67.35","67.35","67.35"
"OR","2026-07-11","4","3","1","0.09","0.07","0.02","Very Low","Very Low","Very Low","35","35","35","56.45","56.45","56.45"
"PA","2026-07-11","22","124","65","0.17","0.96","0.50","Very Low","Very Low","Very Low","181","181","181","82.27","82.27","82.27"
"AK","2026-07-11","1","4","2","0.14","0.56","0.28","Very Low","Very Low","Very Low","18","18","18","75","75","75"
"LA","2026-07-11","37","18","3","0.81","0.39","0.07","Very Low","Very Low","Very Low","129","129","129","78.66","78.66","78.66"
"MA","2026-07-11","9","2","3","0.13","0.03","0.04","Very Low","Very Low","Very Low","82","82","82","91.11","91.11","91.11"
"NC","2026-07-11","35","7","6","0.33","0.07","0.06","Very Low","Very Low","Very Low","122","122","122","89.71","89.71","89.71"
"SD","2026-07-11","1","0","1","0.11","0.00","0.11","Very Low","Very Low","Very Low","47","47","47","77.05","77.05","77.05"
"ID","2026-07-11","4","4","0","0.20","0.20","0.00","Very Low","Very Low","Very Low","24","24","24","51.06","51.06","51.06"
"MO","2026-07-11","10","11","1","0.16","0.18","0.02","Very Low","Very Low","Very Low","83","83","83","66.94","66.94","66.94"
"OK","2026-07-11","5","6","3","0.12","0.15","0.07","Very Low","Very Low","Very Low","85","85","85","61.15","61.15","61.15"
"AL","2026-07-11","32","7","13","0.63","0.14","0.26","Very Low","Very Low","Very Low","93","93","93","93","93","93"
"TN","2026-07-11","22","20","2","0.31","0.28","0.03","Very Low","Very Low","Very Low","117","117","117","87.97","87.97","87.97"
"KS","2026-06-13","4","2","6","0.14","0.07","0.21","Very Low","Very Low","Very Low","88","88","88","60.69","60.69","60.69"
"WI","2026-06-13","10","0","6","0.17","0.00","0.10","Very Low","Very Low","Very Low","138","138","138","93.24","93.24","93.24"
"VT","2026-06-13","1","0","0","0.15","0.00","0.00","Very Low","Very Low","Very Low","11","11","11","73.33","73.33","73.33"
"AS","2026-06-13",,,,,,,"Data Unavailable","Data Unavailable","Data Unavailable","0","0","0","0","0","0"
"IN","2026-06-13","9","9","10","0.13","0.13","0.15","Very Low","Very Low","Very Low","128","128","128","89.51","89.51","89.51"
"ND","2026-06-13","0","3","6","0.00","0.39","0.77","Very Low","Very Low","Very Low","38","38","38","79.17","79.17","79.17"
"OR","2026-06-13","6","3","0","0.14","0.07","0.00","Very Low","Very Low","Very Low","37","37","37","59.68","59.68","59.68"
"PA","2026-06-13","52","142","85","0.40","1.10","0.66","Very Low","Very Low","Very Low","177","177","177","82.33","82.33","82.33"
"AK","2026-06-13","0","0","0","0.00","0.00","0.00","Very Low","Very Low","Very Low","17","17","17","70.83","70.83","70.83"
"LA","2026-06-13","30","21","9","0.66","0.46","0.20","Very Low","Very Low","Very Low","130","130","130","79.27","79.27","79.27"
"MA","2026-06-13","8","3","4","0.11","0.04","0.06","Very Low","Very Low","Very Low","86","86","86","95.56","95.56","95.56"
"NC","2026-06-13","49","10","33","0.46","0.09","0.31","Very Low","Very Low","Very Low","124","124","124","91.85","91.85","91.85"
"SD","2026-06-13","0","1","4","0.00","0.11","0.44","Very Low","Very Low","Very Low","47","47","47","77.05","77.05","77.05"
"SC","2026-06-13","16","8","9","0.30","0.15","0.17","Very Low","Very Low","Very Low","72","72","72","96","96","96"
"AL","2026-06-13","40","14","11","0.78","0.27","0.22","Very Low","Very Low","Very Low","93","93","93","93","93","93"
"TN","2026-06-13","23","24","18","0.32","0.34","0.25","Very Low","Very Low","Very Low","122","122","122","91.73","91.73","91.73"
"KS","2026-06-27","8","1","1","0.27","0.03","0.03","Very Low","Very Low","Very Low","87","87","87","60","60","60"
"WI","2026-06-27","6","3","3","0.10","0.05","0.05","Very Low","Very Low","Very Low","137","137","137","92.57","92.57","92.57"
"VT","2026-06-27","0","0","0","0.00","0.00","0.00","Very Low","Very Low","Very Low","13","13","13","86.67","86.67","86.67"
"AS","2026-06-27",,,,,,,"Data Unavailable","Data Unavailable","Data Unavailable","0","0","0","0","0","0"
"IN","2026-06-27","9","7","4","0.13","0.10","0.06","Very Low","Very Low","Very Low","127","127","127","88.81","88.81","88.81"
"ND","2026-06-27","2","3","2","0.26","0.39","0.26","Very Low","Very Low","Very Low","41","41","41","85.42","85.42","85.42"
"OR","2026-06-27","8","1","5","0.19","0.02","0.12","Very Low","Very Low","Very Low","39","39","39","62.9","62.9","62.9"
"PA","2026-06-27","28","138","59","0.22","1.06","0.46","Very Low","Very Low","Very Low","183","183","183","83.18","83.18","83.18"
"AK","2026-06-27","2","6","2","0.28","0.84","0.28","Very Low","Very Low","Very Low","18","18","18","75","75","75"
"LA","2026-06-27","29","24","10","0.64","0.53","0.22","Very Low","Very Low","Very Low","129","129","129","78.66","78.66","78.66"
"MA","2026-06-27","5","4","4","0.07","0.06","0.06","Very Low","Very Low","Very Low","87","87","87","96.67","96.67","96.67"
"NC","2026-06-27","42","5","8","0.39","0.05","0.07","Very Low","Very Low","Very Low","123","123","123","91.11","91.11","91.11"
"SD","2026-06-27","0","1","1","0.00","0.11","0.11","Very Low","Very Low","Very Low","45","45","45","73.77","73.77","73.77"
"AL","2026-06-27","32","27","10","0.63","0.53","0.20","Very Low","Very Low","Very Low","93","93","93","93","93","93"
"TN","2026-06-27","14","17","11","0.20","0.24","0.15","Very Low","Very Low","Very Low","124","124","124","93.23","93.23","93.23"
"SC","2026-06-27","10","5","4","0.19","0.09","0.07","Very Low","Very Low","Very Low","69","69","69","92","92","92"
"MP","2026-05-23",,,,,,,"Data Unavailable","Data Unavailable","Data Unavailable","0","0","0","0","0","0"
"UT","2026-05-23","5","3","2","0.15","0.09","0.06","Very Low","Very Low","Very Low","50","50","50","89.29","89.29","89.29"
"DE","2026-05-23","1","2","4","0.10","0.19","0.39","Very Low","Very Low","Very Low","10","10","10","90.91","90.91","90.91"
"MS","2026-05-23","14","8","8","0.48","0.27","0.27","Very Low","Very Low","Very Low","83","83","83","79.05","79.05","79.05"
"NJ","2026-05-23","51","29","25","0.55","0.31","0.27","Very Low","Very Low","Very Low","82","82","82","96.47","96.47","96.47"
"VA","2026-05-23","19","13","9","0.22","0.15","0.10","Very Low","Very Low","Very Low","70","70","70","68.63","68.63","68.63"
"HI","2026-05-23","2","17","11","0.14","1.22","0.79","Very Low","Low","Low","19","19","19","67.86","67.86","67.86"
"KY","2026-05-23","15","15","27","0.33","0.33","0.60","Very Low","Very Low","Very Low","83","83","83","74.11","74.11","74.11"
"MD","2026-05-23","17","12","6","0.28","0.20","0.10","Very Low","Very Low","Very Low","37","37","37","72.55","72.55","72.55"
"NE","2026-05-23","1","0","12","0.05","0.00","0.61","Very Low","Very Low","Very Low","79","79","79","80.61","80.61","80.61"
"WA","2026-05-23","11","17","11","0.14","0.22","0.14","Very Low","Very Low","Very Low","93","93","93","95.88","95.88","95.88"
"WY","2026-05-23","3","5","3","0.52","0.86","0.52","Very Low","Very Low","Very Low","21","21","21","70","70","70"
"AK","2026-05-23","1","0","1","0.14","0.00","0.14","Very Low","Very Low","Very Low","16","16","16","66.67","66.67","66.67"
"MA","2026-05-23","14","10","9","0.20","0.14","0.13","Very Low","Very Low","Very Low","86","86","86","95.56","95.56","95.56"
"NC","2026-05-23","81","11","29","0.75","0.10","0.27","Very Low","Very Low","Very Low","122","122","122","90.37","90.37","90.37"
"SD","2026-05-23","0","4","9","0.00","0.44","0.98","Very Low","Very Low","Low","51","51","51","83.61","83.61","83.61"
"KS","2026-06-20","2","1","1","0.07","0.03","0.03","Very Low","Very Low","Very Low","85","85","85","58.62","58.62","58.62"
"WI","2026-06-20","1","0","3","0.02","0.00","0.05","Very Low","Very Low","Very Low","128","128","128","86.49","86.49","86.49"
"VT","2026-06-20","3","0","0","0.46","0.00","0.00","Very Low","Very Low","Very Low","13","13","13","86.67","86.67","86.67"
"AS","2026-06-20",,,,,,,"Data Unavailable","Data Unavailable","Data Unavailable","0","0","0","0","0","0"
"IN","2026-06-20","13","3","6","0.19","0.04","0.09","Very Low","Very Low","Very Low","128","128","128","89.51","89.51","89.51"
"ND","2026-06-20","1","3","3","0.13","0.39","0.39","Very Low","Very Low","Very Low","41","41","41","85.42","85.42","85.42"
"OR","2026-06-20","7","6","2","0.17","0.14","0.05","Very Low","Very Low","Very Low","37","37","37","59.68","59.68","59.68"
"PA","2026-06-20","40","142","75","0.31","1.10","0.58","Very Low","Very Low","Very Low","187","187","187","86.98","86.98","86.98"
"AK","2026-06-20","2","3","0","0.28","0.42","0.00","Very Low","Very Low","Very Low","16","16","16","66.67","66.67","66.67"
"LA","2026-06-20","28","18","7","0.61","0.39","0.15","Very Low","Very Low","Very Low","129","129","129","78.66","78.66","78.66"
"MA","2026-06-20","8","0","10","0.11","0.00","0.14","Very Low","Very Low","Very Low","86","86","86","95.56","95.56","95.56"
"NC","2026-06-20","52","5","14","0.48","0.05","0.13","Very Low","Very Low","Very Low","125","125","125","92.59","92.59","92.59"
"SD","2026-06-20","0","1","2","0.00","0.11","0.22","Very Low","Very Low","Very Low","44","44","44","72.13","72.13","72.13"
"AL","2026-06-20","30","23","4","0.59","0.45","0.08","Very Low","Very Low","Very Low","94","94","94","94","94","94"
"TN","2026-06-20","21","23","9","0.30","0.32","0.13","Very Low","Very Low","Very Low","124","124","124","93.23","93.23","93.23"
"SC","2026-06-20","12","3","8","0.22","0.06","0.15","Very Low","Very Low","Very Low","64","64","64","85.33","85.33","85.33"
"KS","2026-07-04","3","3","1","0.10","0.10","0.03","Very Low","Very Low","Very Low","82","82","82","56.55","56.55","56.55"
"WI","2026-07-04","4","3","3","0.07","0.05","0.05","Very Low","Very Low","Very Low","144","144","144","97.3","97.3","97.3"
"VT","2026-07-04","0","0","0","0.00","0.00","0.00","Very Low","Very Low","Very Low","15","15","15","100","100","100"
"AS","2026-07-04",,,,,,,"Data Unavailable","Data Unavailable","Data Unavailable","0","0","0","0","0","0"
"IN","2026-07-04","7","10","4","0.10","0.15","0.06","Very Low","Very Low","Very Low","129","129","129","90.21","90.21","90.21"
"ND","2026-07-04","0","4","0","0.00","0.51","0.00","Very Low","Very Low","Very Low","42","42","42","85.71","85.71","85.71"
"OR","2026-07-04","8","0","2","0.19","0.00","0.05","Very Low","Very Low","Very Low","45","45","45","72.58","72.58","72.58"
"PA","2026-07-04","44","129","63","0.34","1.00","0.49","Very Low","Very Low","Very Low","188","188","188","85.45","85.45","85.45"
"AK","2026-07-04","1","7","1","0.14","0.98","0.14","Very Low","Very Low","Very Low","16","16","16","66.67","66.67","66.67"
"LA","2026-07-04","35","16","10","0.77","0.35","0.22","Very Low","Very Low","Very Low","127","127","127","77.44","77.44","77.44"
"MA","2026-07-04","4","2","8","0.06","0.03","0.11","Very Low","Very Low","Very Low","87","87","87","96.67","96.67","96.67"
"NC","2026-07-04","42","8","16","0.39","0.07","0.15","Very Low","Very Low","Very Low","127","127","127","94.07","94.07","94.07"
"SD","2026-07-04","0","1","2","0.00","0.11","0.22","Very Low","Very Low","Very Low","50","50","50","81.97","81.97","81.97"
"SC","2026-07-04","6","5","4","0.11","0.09","0.07","Very Low","Very Low","Very Low","70","70","70","93.33","93.33","93.33"
"AL","2026-07-04","33","10","7","0.65","0.20","0.14","Very Low","Very Low","Very Low","93","93","93","93","93","93"
"TN","2026-07-04","20","18","8","0.28","0.25","0.11","Very Low","Very Low","Very Low","126","126","126","94.74","94.74","94.74"
"AL","2026-07-18","50","10","5","0.98","0.20","0.10","Very Low","Very Low","Very Low","90","90","90","90","90","90"
"TN","2026-07-18","18","21","6","0.25","0.30","0.08","Very Low","Very Low","Very Low","126","126","126","94.74","94.74","94.74"
"AZ","2026-07-18","25","10","1","0.34","0.13","0.01","Very Low","Very Low","Very Low","91","91","91","91.92","91.92","91.92"
"MI","2026-07-18","9","10","3","0.09","0.10","0.03","Very Low","Very Low","Very Low","126","126","126","81.29","81.29","81.29"
"VI","2026-07-18","0","0","0","0.00","0.00","0.00","Very Low","Very Low","Very Low","1","1","1","50","50","50"
"CO","2026-07-18","4","1","0","0.07","0.02","0.00","Very Low","Very Low","Very Low","81","81","81","81","81","81"
"IL","2026-07-18","28","12","2","0.22","0.10","0.02","Very Low","Very Low","Very Low","154","154","154","77.78","77.78","77.78"
"NH","2026-07-18","2","0","0","0.14","0.00","0.00","Very Low","Very Low","Very Low","24","24","24","92.31","92.31","92.31"
"RI","2026-07-18","4","0","2","0.37","0.00","0.18","Very Low","Very Low","Very Low","10","10","10","83.33","83.33","83.33"
"NM","2026-07-18","5","0","0","0.24","0.00","0.00","Very Low","Very Low","Very Low","41","41","41","83.67","83.67","83.67"
"USA","2026-07-18","1,241","637","296","0.37","0.19","0.09","Very Low","Very Low","Very Low","4,616","4,616","4,616","80.08","80.08","80.08"
"CT","2026-07-18","12","3","3","0.33","0.08","0.08","Very Low","Very Low","Very Low","30","30","30","93.75","93.75","93.75"
"GU","2026-07-18","0","0","1","0.00","0.00","0.65","Very Low","Very Low","Very Low","1","1","1","50","50","50"
"ME","2026-07-18","0","0","1","0.00","0.00","0.07","Very Low","Very Low","Very Low","31","31","31","83.78","83.78","83.78"
"TX","2026-07-18","172","59","29","0.57","0.19","0.10","Very Low","Very Low","Very Low","384","384","384","69.57","69.57","69.57"
"MP","2026-06-06","1","0","0","2.11","0.00","0.00","Very Low","Very Low","Very Low","1","1","1","100","100","100"
"UT","2026-06-06","3","9","5","0.09","0.26","0.15","Very Low","Very Low","Very Low","52","52","52","92.86","92.86","92.86"
"AL","2026-06-06","29","13","6","0.57","0.26","0.12","Very Low","Very Low","Very Low","88","88","88","88","88","88"
"KS","2026-06-06","2","3","8","0.07","0.10","0.27","Very Low","Very Low","Very Low","84","84","84","57.93","57.93","57.93"
"TN","2026-06-06","28","21","31","0.39","0.30","0.44","Very Low","Very Low","Very Low","127","127","127","95.49","95.49","95.49"
"HI","2026-06-06","2","10","5","0.14","0.72","0.36","Very Low","Very Low","Very Low","22","22","22","78.57","78.57","78.57"
"KY","2026-06-06","12","6","12","0.27","0.13","0.27","Very Low","Very Low","Very Low","89","89","89","79.46","79.46","79.46"
"MD","2026-06-06","10","17","5","0.16","0.28","0.08","Very Low","Very Low","Very Low","35","35","35","68.63","68.63","68.63"
"NE","2026-06-06","3","0","11","0.15","0.00","0.56","Very Low","Very Low","Very Low","78","78","78","79.59","79.59","79.59"
"WA","2026-06-06","16","9","6","0.21","0.12","0.08","Very Low","Very Low","Very Low","95","95","95","97.94","97.94","97.94"
"WY","2026-06-06","2","1","2","0.34","0.17","0.34","Very Low","Very Low","Very Low","19","19","19","63.33","63.33","63.33"
"AK","2026-06-06","0","2","1","0.00","0.28","0.14","Very Low","Very Low","Very Low","17","17","17","70.83","70.83","70.83"
"MA","2026-06-06","14","3","17","0.20","0.04","0.24","Very Low","Very Low","Very Low","86","86","86","95.56","95.56","95.56"
"NC","2026-06-06","44","12","35","0.41","0.11","0.33","Very Low","Very Low","Very Low","125","125","125","92.59","92.59","92.59"
"SD","2026-06-06","4","2","3","0.44","0.22","0.33","Very Low","Very Low","Very Low","39","39","39","63.93","63.93","63.93"
"SC","2026-08-15","25","1","1","0.47","0.02","0.02","Very Low","Very Low","Very Low","65","65","65","86.67","86.67","86.67"
"MI","2026-08-15","22","5","7","0.22","0.05","0.07","Very Low","Very Low","Very Low","130","130","130","84.97","84.97","84.97"
"VI","2026-08-15","0","0","0","0.00","0.00","0.00","Very Low","Very Low","Very Low","1","1","1","50","50","50"
"CO","2026-08-15","16","4","2","0.27","0.07","0.03","Very Low","Very Low","Very Low","81","81","81","81","81","81"
"IL","2026-08-15","39","28","4","0.31","0.22","0.03","Very Low","Very Low","Very Low","143","143","143","72.22","72.22","72.22"
"NH","2026-08-15","7","2","1","0.50","0.14","0.07","Very Low","Very Low","Very Low","24","24","24","92.31","92.31","92.31"
"RI","2026-08-15","9","1","2","0.82","0.09","0.18","Very Low","Very Low","Very Low","10","10","10","83.33","83.33","83.33"
"AZ","2026-08-15","39","5","2","0.53","0.07","0.03","Very Low","Very Low","Very Low","87","87","87","87","87","87"
"NM","2026-08-15","7","1","0","0.33","0.05","0.00","Very Low","Very Low","Very Low","33","33","33","67.35","67.35","67.35"
"USA","2026-08-15","2,274","671","323","0.67","0.20","0.10","Very Low","Very Low","Very Low","4,468","4,468","4,468","77.54","77.54","77.54"
"CA","2026-08-15","384","65","9","0.99","0.17","0.02","Very Low","Very Low","Very Low","310","310","310","77.69","77.69","77.69"
"GA","2026-08-15","80","14","10","0.73","0.13","0.09","Very Low","Very Low","Very Low","108","108","108","67.5","67.5","67.5"
"NV","2026-08-15","19","10","1","0.60","0.31","0.03","Very Low","Very Low","Very Low","34","34","34","65.38","65.38","65.38"
"NY","2026-08-15","127","25","15","0.65","0.13","0.08","Very Low","Very Low","Very Low","164","164","164","80.39","80.39","80.39"
"OH","2026-08-15","39","9","5","0.33","0.08","0.04","Very Low","Very Low","Very Low","193","193","193","89.77","89.77","89.77"
"AZ","2026-06-20","23","19","6","0.31","0.26","0.08","Very Low","Very Low","Very Low","90","90","90","90.91","90.91","90.91"
"MI","2026-06-20","3","10","4","0.03","0.10","0.04","Very Low","Very Low","Very Low","130","130","130","83.33","83.33","83.33"
"VI","2026-06-20","0","0","0","0.00","0.00","0.00","Very Low","Very Low","Very Low","1","1","1","50","50","50"
"CO","2026-06-20","9","3","3","0.15","0.05","0.05","Very Low","Very Low","Very Low","86","86","86","86","86","86"
"IL","2026-06-20","14","18","15","0.11","0.14","0.12","Very Low","Very Low","Very Low","161","161","161","81.31","81.31","81.31"
"NH","2026-06-20","1","0","0","0.07","0.00","0.00","Very Low","Very Low","Very Low","24","24","24","92.31","92.31","92.31"
"RI","2026-06-20","3","0","1","0.27","0.00","0.09","Very Low","Very Low","Very Low","10","10","10","83.33","83.33","83.33"
"CA","2026-06-20","145","118","25","0.37","0.30","0.06","Very Low","Very Low","Very Low","317","317","317","79.45","79.45","79.45"
"GA","2026-06-20","19","7","14","0.17","0.06","0.13","Very Low","Very Low","Very Low","122","122","122","76.25","76.25","76.25"
"NV","2026-06-20","10","11","0","0.31","0.35","0.00","Very Low","Very Low","Very Low","35","35","35","68.63","68.63","68.63"
"NY","2026-06-20","42","17","18","0.21","0.09","0.09","Very Low","Very Low","Very Low","169","169","169","82.84","82.84","82.84"
"OH","2026-06-20","9","11","24","0.08","0.09","0.20","Very Low","Very Low","Very Low","193","193","193","89.77","89.77","89.77"
"NM","2026-06-20","4","1","0","0.19","0.05","0.00","Very Low","Very Low","Very Low","36","36","36","73.47","73.47","73.47"
"USA","2026-06-20","838","733","468","0.25","0.22","0.14","Very Low","Very Low","Very Low","4,588","4,588","4,588","79.97","79.97","79.97"
"PR","2026-06-20","15","24","18","0.46","0.73","0.55","Very Low","Very Low","Very Low","26","26","26","47.27","47.27","47.27"
"AZ","2026-06-13","23","17","6","0.31","0.23","0.08","Very Low","Very Low","Very Low","85","85","85","85.86","85.86","85.86"
"MI","2026-06-13","10","5","19","0.10","0.05","0.19","Very Low","Very Low","Very Low","131","131","131","83.97","83.97","83.97"
"VI","2026-06-13","1","0","0","0.94","0.00","0.00","Very Low","Very Low","Very Low","2","2","2","100","100","100"
"CO","2026-06-13","8","4","4","0.14","0.07","0.07","Very Low","Very Low","Very Low","83","83","83","83","83","83"
"IL","2026-06-13","11","7","8","0.09","0.06","0.06","Very Low","Very Low","Very Low","143","143","143","72.22","72.22","72.22"
"NH","2026-06-13","3","1","3","0.21","0.07","0.21","Very Low","Very Low","Very Low","25","25","25","96.15","96.15","96.15"
"RI","2026-06-13","1","1","1","0.09","0.09","0.09","Very Low","Very Low","Very Low","11","11","11","91.67","91.67","91.67"
"CA","2026-06-13","126","113","29","0.32","0.29","0.07","Very Low","Very Low","Very Low","306","306","306","76.69","76.69","76.69"
"GA","2026-06-13","22","8","15","0.20","0.07","0.14","Very Low","Very Low","Very Low","120","120","120","75","75","75"
"NV","2026-06-13","16","20","3","0.50","0.63","0.09","Very Low","Very Low","Very Low","38","38","38","74.51","74.51","74.51"
"NY","2026-06-13","44","22","25","0.23","0.11","0.13","Very Low","Very Low","Very Low","173","173","173","84.8","84.8","84.8"
"OH","2026-06-13","21","9","26","0.18","0.08","0.22","Very Low","Very Low","Very Low","195","195","195","90.7","90.7","90.7"
"PR","2026-06-13","14","52","14","0.43","1.58","0.43","Very Low","Very Low","Very Low","23","23","23","41.82","41.82","41.82"
"NM","2026-06-13","6","2","3","0.29","0.10","0.14","Very Low","Very Low","Very Low","38","38","38","77.55","77.55","77.55"
"USA","2026-06-13","904","804","605","0.27","0.24","0.18","Very Low","Very Low","Very Low","4,565","4,565","4,565","79.59","79.59","79.59"
"CO","2026-05-16","13","12","17","0.22","0.21","0.29","Very Low","Very Low","Very Low","82","82","82","82","82","82"
"NH","2026-05-16","2","3","1","0.14","0.21","0.07","Very Low","Very Low","Very Low","22","22","22","84.62","84.62","84.62"
"RI","2026-05-16","3","10","5","0.27","0.92","0.46","Very Low","Very Low","Very Low","11","11","11","91.67","91.67","91.67"
"NM","2026-05-16","4","4","5","0.19","0.19","0.24","Very Low","Very Low","Very Low","37","37","37","75.51","75.51","75.51"
"USA","2026-05-16","1,274","1,236","1,260","0.38","0.37","0.37","Very Low","Very Low","Very Low","4,606","4,606","4,606","80.31","80.31","80.31"
"MN","2026-05-16","22","18","33","0.38","0.31","0.58","Very Low","Very Low","Very Low","121","121","121","91.67","91.67","91.67"
"MT","2026-05-16","3","2","17","0.27","0.18","1.51","Very Low","Very Low","Low","51","51","51","80.95","80.95","80.95"
"MP","2026-05-16",,,,,,,"Data Unavailable","Data Unavailable","Data Unavailable","0","0","0","0","0","0"
"ID","2026-05-16","2","8","5","0.10","0.41","0.25","Very Low","Very Low","Very Low","26","26","26","55.32","55.32","55.32"
"MO","2026-05-16","14","9","26","0.23","0.15","0.42","Very Low","Very Low","Very Low","83","83","83","66.94","66.94","66.94"
"OH","2026-05-16","28","14","50","0.24","0.12","0.42","Very Low","Very Low","Very Low","196","196","196","91.16","91.16","91.16"
"OK","2026-05-16","6","10","9","0.15","0.25","0.22","Very Low","Very Low","Very Low","86","86","86","61.87","61.87","61.87"
"FL","2026-05-16","96","110","82","0.43","0.49","0.36","Very Low","Very Low","Very Low","217","217","217","78.34","78.34","78.34"
"WV","2026-05-16","6","5","28","0.34","0.28","1.58","Very Low","Very Low","Moderate","60","60","60","100","100","100"
"DC","2026-06-13","0","4","1","0.00","0.59","0.15","Very Low","Very Low","Very Low","9","9","9","81.82","81.82","81.82"
"MN","2026-06-13","8","3","5","0.14","0.05","0.09","Very Low","Very Low","Very Low","116","116","116","87.88","87.88","87.88"
"MT","2026-06-13","1","5","4","0.09","0.44","0.35","Very Low","Very Low","Very Low","50","50","50","79.37","79.37","79.37"
"ID","2026-06-13","0","1","1","0.00","0.05","0.05","Very Low","Very Low","Very Low","28","28","28","59.57","59.57","59.57"
"MO","2026-06-13","4","16","7","0.06","0.26","0.11","Very Low","Very Low","Very Low","89","89","89","71.77","71.77","71.77"
"OK","2026-06-13","10","11","4","0.25","0.27","0.10","Very Low","Very Low","Very Low","85","85","85","61.15","61.15","61.15"
"CT","2026-06-13","3","3","4","0.08","0.08","0.11","Very Low","Very Low","Very Low","30","30","30","93.75","93.75","93.75"
"GU","2026-06-13","4","0","0","2.60","0.00","0.00","Moderate","Very Low","Very Low","2","2","2","100","100","100"
"ME","2026-06-13","2","0","1","0.14","0.00","0.07","Very Low","Very Low","Very Low","25","25","25","67.57","67.57","67.57"
"TX","2026-06-13","97","82","36","0.32","0.27","0.12","Very Low","Very Low","Very Low","380","380","380","71.03","71.03","71.03"
"AR","2026-06-13","3","1","9","0.10","0.03","0.29","Very Low","Very Low","Very Low","57","57","57","61.96","61.96","61.96"
"FL","2026-06-13","121","92","84","0.54","0.41","0.37","Very Low","Very Low","Very Low","221","221","221","79.5","79.5","79.5"
"WV","2026-06-13","0","3","10","0.00","0.17","0.57","Very Low","Very Low","Very Low","59","59","59","98.33","98.33","98.33"
"MP","2026-06-13","1","0","1","2.11","0.00","2.11","Very Low","Very Low","High","1","1","1","100","100","100"
"UT","2026-06-13","6","5","2","0.18","0.15","0.06","Very Low","Very Low","Very Low","51","51","51","91.07","91.07","91.07"
"AZ","2026-06-27","18","14","2","0.24","0.19","0.03","Very Low","Very Low","Very Low","88","88","88","88.89","88.89","88.89"
"CO","2026-06-27","8","5","3","0.14","0.09","0.05","Very Low","Very Low","Very Low","83","83","83","83","83","83"
"IL","2026-06-27","9","6","8","0.07","0.05","0.06","Very Low","Very Low","Very Low","159","159","159","80.3","80.3","80.3"
"NH","2026-06-27","6","0","1","0.43","0.00","0.07","Very Low","Very Low","Very Low","24","24","24","92.31","92.31","92.31"
"RI","2026-06-27","4","0","1","0.37","0.00","0.09","Very Low","Very Low","Very Low","10","10","10","83.33","83.33","83.33"
"MI","2026-06-27","8","6","11","0.08","0.06","0.11","Very Low","Very Low","Very Low","137","137","137","88.39","88.39","88.39"
"VI","2026-06-27","0","0","0","0.00","0.00","0.00","Very Low","Very Low","Very Low","1","1","1","50","50","50"
"CA","2026-06-27","119","91","12","0.31","0.23","0.03","Very Low","Very Low","Very Low","312","312","312","78.2","78.2","78.2"
"GA","2026-06-27","24","10","13","0.22","0.09","0.12","Very Low","Very Low","Very Low","124","124","124","77.5","77.5","77.5"
"NV","2026-06-27","5","10","1","0.16","0.31","0.03","Very Low","Very Low","Very Low","41","41","41","78.85","78.85","78.85"
"NY","2026-06-27","23","20","17","0.12","0.10","0.09","Very Low","Very Low","Very Low","173","173","173","84.8","84.8","84.8"
"OH","2026-06-27","18","5","9","0.15","0.04","0.08","Very Low","Very Low","Very Low","193","193","193","89.77","89.77","89.77"
"NM","2026-06-27","1","0","1","0.05","0.00","0.05","Very Low","Very Low","Very Low","40","40","40","81.63","81.63","81.63"
"USA","2026-06-27","867","709","358","0.26","0.21","0.11","Very Low","Very Low","Very Low","4,672","4,672","4,672","81.13","81.13","81.13"
"PR","2026-06-27","21","19","8","0.64","0.58","0.24","Very Low","Very Low","Very Low","20","20","20","36.36","36.36","36.36"
"ME","2026-06-06","0","0","3","0.00","0.00","0.22","Very Low","Very Low","Very Low","34","34","34","91.89","91.89","91.89"
"TX","2026-06-06","88","88","67","0.29","0.29","0.22","Very Low","Very Low","Very Low","360","360","360","67.54","67.54","67.54"
"CA","2026-06-06","149","133","39","0.38","0.34","0.10","Very Low","Very Low","Very Low","316","316","316","79.2","79.2","79.2"
"GA","2026-06-06","34","16","21","0.31","0.15","0.19","Very Low","Very Low","Very Low","123","123","123","76.88","76.88","76.88"
"NY","2026-06-06","55","30","34","0.28","0.15","0.17","Very Low","Very Low","Very Low","174","174","174","85.29","85.29","85.29"
"OH","2026-06-06","24","19","24","0.20","0.16","0.20","Very Low","Very Low","Very Low","194","194","194","90.23","90.23","90.23"
"FL","2026-06-06","117","110","70","0.52","0.49","0.31","Very Low","Very Low","Very Low","217","217","217","78.06","78.06","78.06"
"WV","2026-06-06","2","5","12","0.11","0.28","0.68","Very Low","Very Low","Very Low","59","59","59","98.33","98.33","98.33"
"AR","2026-06-06","2","2","10","0.07","0.07","0.33","Very Low","Very Low","Very Low","61","61","61","66.3","66.3","66.3"
"VT","2026-06-06","0","0","0","0.00","0.00","0.00","Very Low","Very Low","Very Low","12","12","12","80","80","80"
"DE","2026-06-06","1","0","4","0.10","0.00","0.39","Very Low","Very Low","Very Low","11","11","11","100","100","100"
"MS","2026-06-06","9","8","6","0.31","0.27","0.20","Very Low","Very Low","Very Low","84","84","84","80","80","80"
"NJ","2026-06-06","45","21","18","0.48","0.23","0.19","Very Low","Very Low","Very Low","82","82","82","96.47","96.47","96.47"
"VA","2026-06-06","11","12","15","0.13","0.14","0.17","Very Low","Very Low","Very Low","82","82","82","80.39","80.39","80.39"
"SC","2026-08-01","18","2","6","0.34","0.04","0.11","Very Low","Very Low","Very Low","60","60","60","80","80","80"
"MI","2026-08-01","5","7","1","0.05","0.07","0.01","Very Low","Very Low","Very Low","133","133","133","86.36","86.36","86.36"
"VI","2026-08-01",,,,,,,"Data Unavailable","Data Unavailable","Data Unavailable","0","0","0","0","0","0"
"AZ","2026-08-01","26","6","2","0.35","0.08","0.03","Very Low","Very Low","Very Low","86","86","86","86.87","86.87","86.87"
"CO","2026-08-01","10","2","1","0.17","0.03","0.02","Very Low","Very Low","Very Low","80","80","80","80","80","80"
"IL","2026-08-01","26","3","1","0.21","0.02","0.01","Very Low","Very Low","Very Low","152","152","152","76.77","76.77","76.77"
"NH","2026-08-01","3","3","1","0.21","0.21","0.07","Very Low","Very Low","Very Low","25","25","25","96.15","96.15","96.15"
"RI","2026-08-01","3","0","1","0.27","0.00","0.09","Very Low","Very Low","Very Low","10","10","10","83.33","83.33","83.33"
"NM","2026-08-01","6","1","0","0.29","0.05","0.00","Very Low","Very Low","Very Low","40","40","40","81.63","81.63","81.63"
"USA","2026-08-01","1,754","643","312","0.52","0.19","0.09","Very Low","Very Low","Very Low","4,580","4,580","4,580","79.49","79.49","79.49"
"CT","2026-08-01","9","2","2","0.25","0.06","0.06","Very Low","Very Low","Very Low","31","31","31","96.88","96.88","96.88"
"GU","2026-08-01","3","0","0","1.95","0.00","0.00","Moderate","Very Low","Very Low","1","1","1","50","50","50"
"ME","2026-08-01","2","0","1","0.14","0.00","0.07","Very Low","Very Low","Very Low","34","34","34","91.89","91.89","91.89"
"TX","2026-08-01","275","61","34","0.90","0.20","0.11","Very Low","Very Low","Very Low","384","384","384","69.57","69.57","69.57"
"CO","2026-05-09","18","15","34","0.31","0.26","0.58","Very Low","Very Low","Very Low","81","81","81","81","81","81"
"NH","2026-05-09","4","2","5","0.29","0.14","0.36","Very Low","Very Low","Very Low","24","24","24","92.31","92.31","92.31"
"RI","2026-05-09","6","5","7","0.55","0.46","0.64","Very Low","Very Low","Very Low","10","10","10","83.33","83.33","83.33"
"NM","2026-05-09","6","10","2","0.29","0.48","0.10","Very Low","Very Low","Very Low","39","39","39","79.59","79.59","79.59"
"USA","2026-05-09","1,402","1,431","1,543","0.42","0.42","0.46","Very Low","Very Low","Very Low","4,665","4,665","4,665","81.34","81.34","81.34"
"FL","2026-05-09","115","147","86","0.51","0.65","0.38","Very Low","Very Low","Very Low","234","234","234","84.48","84.48","84.48"
"WV","2026-05-09","10","3","40","0.57","0.17","2.26","Very Low","Very Low","Moderate","60","60","60","100","100","100"
"MN","2026-05-09","23","16","43","0.40","0.28","0.75","Very Low","Very Low","Low","120","120","120","90.91","90.91","90.91"
"MT","2026-05-09","11","5","17","0.97","0.44","1.51","Very Low","Very Low","Low","52","52","52","82.54","82.54","82.54"
"MP","2026-05-09",,,,,,,"Data Unavailable","Data Unavailable","Data Unavailable","0","0","0","0","0","0"
"ID","2026-05-09","5","8","10","0.25","0.41","0.51","Very Low","Very Low","Very Low","33","33","33","70.21","70.21","70.21"
"MO","2026-05-09","17","11","25","0.28","0.18","0.40","Very Low","Very Low","Very Low","86","86","86","69.35","69.35","69.35"
"OH","2026-05-09","28","22","65","0.24","0.19","0.55","Very Low","Very Low","Very Low","195","195","195","90.7","90.7","90.7"
"OK","2026-05-09","8","7","10","0.20","0.17","0.25","Very Low","Very Low","Very Low","89","89","89","64.03","64.03","64.03"
"SC","2026-08-22","31","6","3","0.58","0.11","0.06","Very Low","Very Low","Very Low","68","68","68","90.67","90.67","90.67"
"CO","2026-08-22","26","4","1","0.44","0.07","0.02","Very Low","Very Low","Very Low","85","85","85","85","85","85"
"IL","2026-08-22","34","10","1","0.27","0.08","0.01","Very Low","Very Low","Very Low","154","154","154","77.78","77.78","77.78"
"NH","2026-08-22","5","0","0","0.36","0.00","0.00","Very Low","Very Low","Very Low","23","23","23","88.46","88.46","88.46"
"RI","2026-08-22","3","0","0","0.27","0.00","0.00","Very Low","Very Low","Very Low","10","10","10","83.33","83.33","83.33"
"AZ","2026-08-22","57","6","1","0.77","0.08","0.01","Very Low","Very Low","Very Low","88","88","88","88","88","88"
"NM","2026-08-22","10","3","0","0.48","0.14","0.00","Very Low","Very Low","Very Low","41","41","41","83.67","83.67","83.67"
"USA","2026-08-22","2,706","822","337","0.80","0.24","0.10","Very Low","Very Low","Very Low","4,582","4,582","4,582","79.51","79.51","79.51"
"WY","2026-08-22","0","2","0","0.00","0.34","0.00","Very Low","Very Low","Very Low","21","21","21","67.74","67.74","67.74"
"CA","2026-08-22","496","79","13","1.28","0.20","0.03","Very Low","Very Low","Very Low","323","323","323","80.95","80.95","80.95"
"GA","2026-08-22","89","11","5","0.81","0.10","0.05","Very Low","Very Low","Very Low","107","107","107","66.88","66.88","66.88"
"NV","2026-08-22","18","9","0","0.57","0.28","0.00","Very Low","Very Low","Very Low","36","36","36","69.23","69.23","69.23"
"NY","2026-08-22","140","15","19","0.72","0.08","0.10","Very Low","Very Low","Very Low","170","170","170","83.33","83.33","83.33"
"OH","2026-08-22","28","13","4","0.24","0.11","0.03","Very Low","Very Low","Very Low","189","189","189","87.91","87.91","87.91"
"SC","2026-07-25","15","7","3","0.28","0.13","0.06","Very Low","Very Low","Very Low","68","68","68","90.67","90.67","90.67"
"AZ","2026-07-25","26","13","1","0.35","0.18","0.01","Very Low","Very Low","Very Low","88","88","88","88.89","88.89","88.89"
"MI","2026-07-25","18","10","3","0.18","0.10","0.03","Very Low","Very Low","Very Low","137","137","137","88.96","88.96","88.96"
"VI","2026-07-25","0","0","0","0.00","0.00","0.00","Very Low","Very Low","Very Low","1","1","1","50","50","50"
"CO","2026-07-25","16","7","2","0.27","0.12","0.03","Very Low","Very Low","Very Low","81","81","81","81","81","81"
"IL","2026-07-25","21","16","0","0.17","0.13","0.00","Very Low","Very Low","Very Low","142","142","142","71.72","71.72","71.72"
"NH","2026-07-25","3","1","0","0.21","0.07","0.00","Very Low","Very Low","Very Low","26","26","26","100","100","100"
"RI","2026-07-25","4","0","1","0.37","0.00","0.09","Very Low","Very Low","Very Low","9","9","9","75","75","75"
"CT","2026-07-25","11","2","0","0.30","0.06","0.00","Very Low","Very Low","Very Low","29","29","29","90.63","90.63","90.63"
"GU","2026-07-25","0","0","0","0.00","0.00","0.00","Very Low","Very Low","Very Low","1","1","1","50","50","50"
"ME","2026-07-25","0","1","1","0.00","0.07","0.07","Very Low","Very Low","Very Low","31","31","31","83.78","83.78","83.78"
"TX","2026-07-25","200","61","33","0.66","0.20","0.11","Very Low","Very Low","Very Low","389","389","389","70.47","70.47","70.47"
"NM","2026-07-25","5","2","1","0.24","0.10","0.05","Very Low","Very Low","Very Low","39","39","39","79.59","79.59","79.59"
"USA","2026-07-25","1,474","681","373","0.44","0.20","0.11","Very Low","Very Low","Very Low","4,630","4,630","4,630","80.34","80.34","80.34"
"SC","2026-08-08","20","5","1","0.37","0.09","0.02","Very Low","Very Low","Very Low","66","66","66","88","88","88"
"MI","2026-08-08","15","11","5","0.15","0.11","0.05","Very Low","Very Low","Very Low","125","125","125","81.7","81.7","81.7"
"VI","2026-08-08",,,,,,,"Data Unavailable","Data Unavailable","Data Unavailable","0","0","0","0","0","0"
"CO","2026-08-08","13","3","1","0.22","0.05","0.02","Very Low","Very Low","Very Low","77","77","77","77","77","77"
"IL","2026-08-08","25","11","2","0.20","0.09","0.02","Very Low","Very Low","Very Low","152","152","152","76.77","76.77","76.77"
"NH","2026-08-08","2","3","0","0.14","0.21","0.00","Very Low","Very Low","Very Low","25","25","25","96.15","96.15","96.15"
"RI","2026-08-08","4","1","0","0.37","0.09","0.00","Very Low","Very Low","Very Low","10","10","10","83.33","83.33","83.33"
"AZ","2026-08-08","52","4","3","0.70","0.05","0.04","Very Low","Very Low","Very Low","87","87","87","87.88","87.88","87.88"
"CT","2026-08-08","6","1","0","0.17","0.03","0.00","Very Low","Very Low","Very Low","28","28","28","87.5","87.5","87.5"
"GU","2026-08-08","0","0","1","0.00","0.00","0.65","Very Low","Very Low","Very Low","1","1","1","50","50","50"
"ME","2026-08-08","1","0","0","0.07","0.00","0.00","Very Low","Very Low","Very Low","30","30","30","81.08","81.08","81.08"
"TX","2026-08-08","292","68","39","0.96","0.22","0.13","Very Low","Very Low","Very Low","388","388","388","70.29","70.29","70.29"
"NM","2026-08-08","4","0","0","0.19","0.00","0.00","Very Low","Very Low","Very Low","37","37","37","75.51","75.51","75.51"
"USA","2026-08-08","1,943","610","310","0.58","0.18","0.09","Very Low","Very Low","Very Low","4,476","4,476","4,476","77.69","77.69","77.69"
"CA","2026-05-09","162","188","93","0.42","0.48","0.24","Very Low","Very Low","Very Low","307","307","307","76.94","76.94","76.94"
"GA","2026-05-09","30","15","27","0.27","0.14","0.25","Very Low","Very Low","Very Low","121","121","121","75.63","75.63","75.63"
"NV","2026-05-09","10","46","15","0.31","1.45","0.47","Very Low","Low","Very Low","39","39","39","76.47","76.47","76.47"
"NY","2026-05-09","103","76","90","0.53","0.39","0.46","Very Low","Very Low","Very Low","167","167","167","81.86","81.86","81.86"
"AR","2026-05-09","6","6","8","0.20","0.20","0.26","Very Low","Very Low","Very Low","59","59","59","63.44","63.44","63.44"
"UT","2026-05-09","8","10","6","0.23","0.29","0.18","Very Low","Very Low","Very Low","51","51","51","91.07","91.07","91.07"
"MI","2026-05-09","33","20","81","0.33","0.20","0.81","Very Low","Very Low","Low","132","132","132","84.62","84.62","84.62"
"VI","2026-05-09","0","0","0","0.00","0.00","0.00","Very Low","Very Low","Very Low","1","1","1","50","50","50"
"LA","2026-05-09","30","20","20","0.66","0.44","0.44","Very Low","Very Low","Very Low","132","132","132","80.49","80.49","80.49"
"MS","2026-05-09","11","18","3","0.38","0.61","0.10","Very Low","Very Low","Very Low","80","80","80","76.19","76.19","76.19"
"NJ","2026-05-09","74","44","38","0.80","0.47","0.41","Very Low","Very Low","Very Low","82","82","82","96.47","96.47","96.47"
"PR","2026-05-09","6","68","21","0.18","2.07","0.64","Very Low","Very Low","Very Low","21","21","21","38.18","38.18","38.18"
"AL","2026-05-09","48","20","17","0.94","0.39","0.33","Very Low","Very Low","Very Low","91","91","91","91","91","91"
"TN","2026-05-09","39","43","37","0.55","0.61","0.52","Very Low","Very Low","Very Low","125","125","125","93.98","93.98","93.98"
"ID","2026-07-04","3","4","1","0.15","0.20","0.05","Very Low","Very Low","Very Low","25","25","25","53.19","53.19","53.19"
"MO","2026-07-04","10","13","6","0.16","0.21","0.10","Very Low","Very Low","Very Low","90","90","90","72.58","72.58","72.58"
"OK","2026-07-04","7","9","4","0.17","0.22","0.10","Very Low","Very Low","Very Low","91","91","91","65.47","65.47","65.47"
"AZ","2026-07-04","14","17","4","0.19","0.23","0.05","Very Low","Very Low","Very Low","90","90","90","90.91","90.91","90.91"
"MI","2026-07-04","10","6","6","0.10","0.06","0.06","Very Low","Very Low","Very Low","132","132","132","85.16","85.16","85.16"
"VI","2026-07-04","0","0","0","0.00","0.00","0.00","Very Low","Very Low","Very Low","1","1","1","50","50","50"
"CO","2026-07-04","3","4","2","0.05","0.07","0.03","Very Low","Very Low","Very Low","81","81","81","81","81","81"
"IL","2026-07-04","13","15","5","0.10","0.12","0.04","Very Low","Very Low","Very Low","152","152","152","76.77","76.77","76.77"
"NH","2026-07-04","1","1","0","0.07","0.07","0.00","Very Low","Very Low","Very Low","23","23","23","88.46","88.46","88.46"
"RI","2026-07-04","0","0","0","0.00","0.00","0.00","Very Low","Very Low","Very Low","10","10","10","83.33","83.33","83.33"
"PR","2026-07-04","11","18","6","0.33","0.55","0.18","Very Low","Very Low","Very Low","26","26","26","47.27","47.27","47.27"
"NM","2026-07-04","4","3","1","0.19","0.14","0.05","Very Low","Very Low","Very Low","38","38","38","77.55","77.55","77.55"
"USA","2026-07-04","964","717","379","0.29","0.21","0.11","Very Low","Very Low","Very Low","4,610","4,610","4,610","80.03","80.03","80.03"
"SC","2026-07-11","11","4","4","0.21","0.07","0.07","Very Low","Very Low","Very Low","68","68","68","90.67","90.67","90.67"
"AZ","2026-07-11","20","17","2","0.27","0.23","0.03","Very Low","Very Low","Very Low","84","84","84","84.85","84.85","84.85"
"MI","2026-07-11","12","3","7","0.12","0.03","0.07","Very Low","Very Low","Very Low","124","124","124","80","80","80"
"VI","2026-07-11","0","0","0","0.00","0.00","0.00","Very Low","Very Low","Very Low","1","1","1","50","50","50"
"CO","2026-07-11","15","4","2","0.26","0.07","0.03","Very Low","Very Low","Very Low","80","80","80","80","80","80"
"IL","2026-07-11","24","8","5","0.19","0.06","0.04","Very Low","Very Low","Very Low","147","147","147","74.24","74.24","74.24"
"NH","2026-07-11","1","1","1","0.07","0.07","0.07","Very Low","Very Low","Very Low","26","26","26","100","100","100"
"RI","2026-07-11","0","0","0","0.00","0.00","0.00","Very Low","Very Low","Very Low","8","8","8","66.67","66.67","66.67"
"NM","2026-07-11","3","0","1","0.14","0.00","0.05","Very Low","Very Low","Very Low","37","37","37","75.51","75.51","75.51"
"USA","2026-07-11","1,067","660","316","0.32","0.20","0.09","Very Low","Very Low","Very Low","4,376","4,376","4,376","75.93","75.93","75.93"
"DC","2026-07-11","2","2","0","0.30","0.30","0.00","Very Low","Very Low","Very Low","6","6","6","54.55","54.55","54.55"
"MN","2026-07-11","4","4","4","0.07","0.07","0.07","Very Low","Very Low","Very Low","110","110","110","83.33","83.33","83.33"
"MT","2026-07-11","1","1","0","0.09","0.09","0.00","Very Low","Very Low","Very Low","43","43","43","68.25","68.25","68.25"
"AZ","2026-09-05","82","15","3","1.11","0.20","0.04","Very Low","Very Low","Very Low","87","87","87","87","87","87"
"WY","2026-09-05","2","0","0","0.34","0.00","0.00","Very Low","Very Low","Very Low","18","18","18","58.06","58.06","58.06"
"FL","2026-09-05","595","143","65","2.64","0.63","0.29","Very Low","Very Low","Very Low","228","228","228","81.72","81.72","81.72"
"ME","2026-09-05","0","1","0","0.00","0.07","0.00","Very Low","Very Low","Very Low","30","30","30","81.08","81.08","81.08"
"WV","2026-09-05","8","1","1","0.45","0.06","0.06","Very Low","Very Low","Very Low","56","56","56","93.33","93.33","93.33"
"IN","2026-09-05","38","6","1","0.55","0.09","0.01","Very Low","Very Low","Very Low","123","123","123","86.01","86.01","86.01"
"OR","2026-09-05","22","8","0","0.52","0.19","0.00","Very Low","Very Low","Very Low","38","38","38","61.29","61.29","61.29"
"HI","2026-09-05","28","3","3","2.01","0.22","0.22","Very Low","Very Low","Very Low","21","21","21","75","75","75"
"KY","2026-09-05","25","9","4","0.55","0.20","0.09","Very Low","Very Low","Very Low","84","84","84","75","75","75"
"MD","2026-09-05","17","9","1","0.28","0.15","0.02","Very Low","Very Low","Very Low","32","32","32","62.75","62.75","62.75"
"NE","2026-09-05","7","0","0","0.35","0.00","0.00","Very Low","Very Low","Very Low","77","77","77","78.57","78.57","78.57"
"WA","2026-09-05","80","44","0","1.03","0.57","0.00","Very Low","Very Low","Very Low","90","90","90","92.78","92.78","92.78"
"VT","2026-09-05","6","0","0","0.93","0.00","0.00","Very Low","Very Low","Very Low","11","11","11","73.33","73.33","73.33"
"AZ","2026-05-16","30","62","27","0.40","0.84","0.36","Very Low","Very Low","Very Low","89","89","89","89.9","89.9","89.9"
"WY","2026-05-16","2","8","4","0.34","1.38","0.69","Very Low","Very Low","Very Low","22","22","22","73.33","73.33","73.33"
"AR","2026-05-16","9","8","8","0.29","0.26","0.26","Very Low","Very Low","Very Low","65","65","65","69.89","69.89","69.89"
"UT","2026-05-16","10","7","8","0.29","0.21","0.23","Very Low","Very Low","Very Low","51","51","51","91.07","91.07","91.07"
"MI","2026-05-16","39","23","51","0.39","0.23","0.51","Very Low","Very Low","Very Low","136","136","136","87.18","87.18","87.18"
"VI","2026-05-16","1","0","0","0.94","0.00","0.00","Very Low","Very Low","Very Low","1","1","1","50","50","50"
"LA","2026-05-16","37","20","16","0.81","0.44","0.35","Very Low","Very Low","Very Low","125","125","125","76.22","76.22","76.22"
"MS","2026-05-16","8","12","13","0.27","0.41","0.44","Very Low","Very Low","Very Low","80","80","80","76.19","76.19","76.19"
"NJ","2026-05-16","51","37","26","0.55","0.40","0.28","Very Low","Very Low","Very Low","82","82","82","96.47","96.47","96.47"
"PR","2026-05-16","31","72","12","0.94","2.19","0.37","Very Low","Very Low","Very Low","26","26","26","47.27","47.27","47.27"
"AL","2026-05-16","32","20","6","0.63","0.39","0.12","Very Low","Very Low","Very Low","90","90","90","90","90","90"
"TN","2026-05-16","34","36","24","0.48","0.51","0.34","Very Low","Very Low","Very Low","126","126","126","94.74","94.74","94.74"
"AZ","2026-08-29","81","15","1","1.09","0.20","0.01","Very Low","Very Low","Very Low","85","85","85","85","85","85"
"WY","2026-08-29","3","0","0","0.52","0.00","0.00","Very Low","Very Low","Very Low","18","18","18","58.06","58.06","58.06"
"FL","2026-08-29","471","104","93","2.09","0.46","0.41","Very Low","Very Low","Very Low","228","228","228","81.72","81.72","81.72"
"ME","2026-08-29","0","1","0","0.00","0.07","0.00","Very Low","Very Low","Very Low","29","29","29","78.38","78.38","78.38"
"WV","2026-08-29","4","1","1","0.23","0.06","0.06","Very Low","Very Low","Very Low","60","60","60","100","100","100"
"IN","2026-08-29","13","2","3","0.19","0.03","0.04","Very Low","Very Low","Very Low","124","124","124","86.71","86.71","86.71"
"OR","2026-08-29","20","1","0","0.47","0.02","0.00","Very Low","Very Low","Very Low","37","37","37","59.68","59.68","59.68"
"VT","2026-08-29","1","1","0","0.15","0.15","0.00","Very Low","Very Low","Very Low","14","14","14","93.33","93.33","93.33"
"HI","2026-08-29","31","5","11","2.22","0.36","0.79","Very Low","Very Low","Low","21","21","21","75","75","75"
"KY","2026-08-29","18","7","2","0.40","0.16","0.04","Very Low","Very Low","Very Low","86","86","86","76.79","76.79","76.79"
"MD","2026-08-29","9","7","0","0.15","0.11","0.00","Very Low","Very Low","Very Low","35","35","35","68.63","68.63","68.63"
"NE","2026-08-29","8","0","1","0.41","0.00","0.05","Very Low","Very Low","Very Low","78","78","78","79.59","79.59","79.59"
"WA","2026-08-29","59","22","2","0.76","0.28","0.03","Very Low","Very Low","Very Low","93","93","93","95.88","95.88","95.88"
"HI","2026-06-13","6","5","11","0.43","0.36","0.79","Very Low","Very Low","Low","22","22","22","78.57","78.57","78.57"
"KY","2026-06-13","6","1","13","0.13","0.02","0.29","Very Low","Very Low","Very Low","81","81","81","72.32","72.32","72.32"
"MD","2026-06-13","4","12","6","0.07","0.20","0.10","Very Low","Very Low","Very Low","37","37","37","72.55","72.55","72.55"
"NE","2026-06-13","1","0","3","0.05","0.00","0.15","Very Low","Very Low","Very Low","74","74","74","75.51","75.51","75.51"
"WA","2026-06-13","5","11","6","0.06","0.14","0.08","Very Low","Very Low","Very Low","94","94","94","96.91","96.91","96.91"
"DE","2026-06-13","2","1","2","0.19","0.10","0.19","Very Low","Very Low","Very Low","8","8","8","72.73","72.73","72.73"
"VA","2026-06-13","12","20","15","0.14","0.23","0.17","Very Low","Very Low","Very Low","82","82","82","80.39","80.39","80.39"
"WY","2026-06-13","1","0","1","0.17","0.00","0.17","Very Low","Very Low","Very Low","21","21","21","70","70","70"
"IA","2026-06-13","4","2","3","0.12","0.06","0.09","Very Low","Very Low","Very Low","95","95","95","77.24","77.24","77.24"
"MS","2026-06-13","9","4","4","0.31","0.14","0.14","Very Low","Very Low","Very Low","85","85","85","80.95","80.95","80.95"
"NJ","2026-06-13","40","21","15","0.43","0.23","0.16","Very Low","Very Low","Very Low","82","82","82","96.47","96.47","96.47"
"ME","2026-05-30","0","3","3","0.00","0.22","0.22","Very Low","Very Low","Very Low","30","30","30","81.08","81.08","81.08"
"TX","2026-05-30","89","84","69","0.29","0.28","0.23","Very Low","Very Low","Very Low","396","396","396","74.3","74.3","74.3"
"CA","2026-05-30","104","125","46","0.27","0.32","0.12","Very Low","Very Low","Very Low","302","302","302","75.69","75.69","75.69"
"GA","2026-05-30","27","9","14","0.25","0.08","0.13","Very Low","Very Low","Very Low","120","120","120","75","75","75"
"NY","2026-05-30","66","18","45","0.34","0.09","0.23","Very Low","Very Low","Very Low","172","172","172","84.31","84.31","84.31"
"OH","2026-05-30","22","14","28","0.19","0.12","0.24","Very Low","Very Low","Very Low","193","193","193","89.77","89.77","89.77"
"FL","2026-05-30","111","132","82","0.49","0.59","0.36","Very Low","Very Low","Very Low","232","232","232","83.45","83.45","83.45"
"WV","2026-05-30","5","4","15","0.28","0.23","0.85","Very Low","Very Low","Low","60","60","60","100","100","100"
"AR","2026-05-30","3","6","12","0.10","0.20","0.39","Very Low","Very Low","Very Low","63","63","63","67.74","67.74","67.74"
"VT","2026-05-30","1","2","0","0.15","0.31","0.00","Very Low","Very Low","Very Low","13","13","13","86.67","86.67","86.67"
"MP","2026-05-30","0","0","0","0.00","0.00","0.00","Very Low","Very Low","Very Low","1","1","1","100","100","100"
"UT","2026-05-30","8","4","5","0.23","0.12","0.15","Very Low","Very Low","Very Low","50","50","50","89.29","89.29","89.29"
"AZ","2026-05-23","31","54","24","0.42","0.73","0.32","Very Low","Very Low","Very Low","88","88","88","88.89","88.89","88.89"
"MI","2026-05-23","26","17","60","0.26","0.17","0.60","Very Low","Very Low","Very Low","134","134","134","85.9","85.9","85.9"
"VI","2026-05-23","0","0","0","0.00","0.00","0.00","Very Low","Very Low","Very Low","2","2","2","100","100","100"
"CO","2026-05-23","6","8","15","0.10","0.14","0.26","Very Low","Very Low","Very Low","82","82","82","82","82","82"
"IL","2026-05-23","22","21","31","0.18","0.17","0.25","Very Low","Very Low","Very Low","154","154","154","77.78","77.78","77.78"
"NH","2026-05-23","6","2","6","0.43","0.14","0.43","Very Low","Very Low","Very Low","25","25","25","96.15","96.15","96.15"
"RI","2026-05-23","3","4","6","0.27","0.37","0.55","Very Low","Very Low","Very Low","10","10","10","83.33","83.33","83.33"
"LA","2026-05-23","31","25","15","0.68","0.55","0.33","Very Low","Very Low","Very Low","122","122","122","74.39","74.39","74.39"
"IA","2026-05-23","6","3","15","0.19","0.09","0.47","Very Low","Very Low","Very Low","95","95","95","77.24","77.24","77.24"
"PR","2026-05-23","34","78","11","1.03","2.37","0.33","Very Low","Very Low","Very Low","28","28","28","50.91","50.91","50.91"
"WI","2026-05-23","15","3","37","0.25","0.05","0.63","Very Low","Very Low","Very Low","137","137","137","92.57","92.57","92.57"
"ME","2026-05-23","1","3","7","0.07","0.22","0.50","Very Low","Very Low","Very Low","30","30","30","81.08","81.08","81.08"
"TX","2026-05-23","93","91","63","0.31","0.30","0.21","Very Low","Very Low","Very Low","358","358","358","67.17","67.17","67.17"
"CA","2026-05-23","142","132","38","0.37","0.34","0.10","Very Low","Very Low","Very Low","290","290","290","72.68","72.68","72.68"
"GA","2026-05-23","42","29","20","0.38","0.26","0.18","Very Low","Very Low","Very Low","120","120","120","75","75","75"
"NY","2026-05-23","85","49","56","0.43","0.25","0.29","Very Low","Very Low","Very Low","171","171","171","83.82","83.82","83.82"
"OH","2026-05-23","18","14","43","0.15","0.12","0.37","Very Low","Very Low","Very Low","192","192","192","89.3","89.3","89.3"
"FL","2026-05-23","123","130","90","0.55","0.58","0.40","Very Low","Very Low","Very Low","227","227","227","81.65","81.65","81.65"
"WV","2026-05-23","1","2","22","0.06","0.11","1.24","Very Low","Very Low","Low","60","60","60","100","100","100"
"AR","2026-05-23","5","10","6","0.16","0.33","0.20","Very Low","Very Low","Very Low","55","55","55","59.14","59.14","59.14"
"VT","2026-05-23","0","0","2","0.00","0.00","0.31","Very Low","Very Low","Very Low","14","14","14","93.33","93.33","93.33"
"AZ","2026-06-06","27","45","14","0.36","0.61","0.19","Very Low","Very Low","Very Low","90","90","90","90.91","90.91","90.91"
"MI","2026-06-06","11","7","25","0.11","0.07","0.25","Very Low","Very Low","Very Low","133","133","133","85.26","85.26","85.26"
"VI","2026-06-06","0","0","0","0.00","0.00","0.00","Very Low","Very Low","Very Low","1","1","1","50","50","50"
"CO","2026-06-06","6","5","4","0.10","0.09","0.07","Very Low","Very Low","Very Low","84","84","84","84","84","84"
"IL","2026-06-06","6","18","17","0.05","0.14","0.14","Very Low","Very Low","Very Low","147","147","147","74.24","74.24","74.24"
"NH","2026-06-06","5","4","5","0.36","0.29","0.36","Very Low","Very Low","Very Low","25","25","25","96.15","96.15","96.15"
"RI","2026-06-06","0","0","2","0.00","0.00","0.18","Very Low","Very Low","Very Low","10","10","10","83.33","83.33","83.33"
"LA","2026-06-06","28","24","7","0.61","0.53","0.15","Very Low","Very Low","Very Low","125","125","125","76.22","76.22","76.22"
"PR","2026-06-06","26","70","10","0.79","2.13","0.30","Very Low","Very Low","Very Low","24","24","24","43.64","43.64","43.64"
"IA","2026-06-06","3","5","8","0.09","0.16","0.25","Very Low","Very Low","Very Low","92","92","92","74.8","74.8","74.8"
"AZ","2026-05-30","33","51","21","0.45","0.69","0.28","Very Low","Very Low","Very Low","89","89","89","89.9","89.9","89.9"
"MI","2026-05-30","22","12","17","0.22","0.12","0.17","Very Low","Very Low","Very Low","127","127","127","81.41","81.41","81.41"
"VI","2026-05-30","0","0","0","0.00","0.00","0.00","Very Low","Very Low","Very Low","1","1","1","50","50","50"
"CO","2026-05-30","7","9","15","0.12","0.15","0.26","Very Low","Very Low","Very Low","83","83","83","83","83","83"
"IL","2026-05-30","10","56","13","0.08","0.45","0.10","Very Low","Very Low","Very Low","152","152","152","76.77","76.77","76.77"
"NH","2026-05-30","11","0","7","0.78","0.00","0.50","Very Low","Very Low","Very Low","26","26","26","100","100","100"
"RI","2026-05-30","2","3","1","0.18","0.27","0.09","Very Low","Very Low","Very Low","10","10","10","83.33","83.33","83.33"
"LA","2026-05-30","26","29","8","0.57","0.64","0.18","Very Low","Very Low","Very Low","131","131","131","79.88","79.88","79.88"
"PR","2026-05-30","38","45","24","1.16","1.37","0.73","Very Low","Very Low","Very Low","28","28","28","50.91","50.91","50.91"
"IA","2026-05-30","2","0","0","0.06","0.00","0.00","Very Low","Very Low","Very Low","103","103","103","83.74","83.74","83.74"
"DE","2026-05-16","5","4","4","0.49","0.39","0.39","Very Low","Very Low","Very Low","11","11","11","100","100","100"
"VA","2026-05-16","38","18","20","0.44","0.21","0.23","Very Low","Very Low","Very Low","76","76","76","74.51","74.51","74.51"
"VT","2026-05-16","0","0","9","0.00","0.00","1.39","Very Low","Very Low","Low","15","15","15","100","100","100"
"DC","2026-05-16","3","0","0","0.44","0.00","0.00","Very Low","Very Low","Very Low","7","7","7","63.64","63.64","63.64"
"IA","2026-05-16","7","4","20","0.22","0.12","0.62","Very Low","Very Low","Very Low","98","98","98","79.67","79.67","79.67"
"AK","2026-05-16","1","0","0","0.14","0.00","0.00","Very Low","Very Low","Very Low","16","16","16","66.67","66.67","66.67"
"MA","2026-05-16","18","17","30","0.26","0.24","0.43","Very Low","Very Low","Very Low","86","86","86","95.56","95.56","95.56"
"NC","2026-05-16","52","15","45","0.48","0.14","0.42","Very Low","Very Low","Very Low","119","119","119","88.15","88.15","88.15"
"SD","2026-05-16","1","3","9","0.11","0.33","0.98","Very Low","Very Low","Low","54","54","54","88.52","88.52","88.52"
"VT","2026-05-09","0","1","6","0.00","0.15","0.93","Very Low","Very Low","Low","13","13","13","86.67","86.67","86.67"
"DC","2026-05-09","5","0","1","0.74","0.00","0.15","Very Low","Very Low","Very Low","9","9","9","81.82","81.82","81.82"
"IA","2026-05-09","8","1","20","0.25","0.03","0.62","Very Low","Very Low","Very Low","98","98","98","79.67","79.67","79.67"
"DE","2026-05-09","6","4","7","0.58","0.39","0.68","Very Low","Very Low","Very Low","11","11","11","100","100","100"
"VA","2026-05-09","18","14","20","0.21","0.16","0.23","Very Low","Very Low","Very Low","78","78","78","76.47","76.47","76.47"
"AK","2026-05-09","2","4","2","0.28","0.56","0.28","Very Low","Very Low","Very Low","16","16","16","66.67","66.67","66.67"
"MA","2026-05-09","42","19","38","0.60","0.27","0.54","Very Low","Very Low","Very Low","87","87","87","96.67","96.67","96.67"
"NC","2026-05-09","100","21","52","0.93","0.20","0.48","Very Low","Very Low","Very Low","125","125","125","92.59","92.59","92.59"
"SD","2026-05-09","3","7","7","0.33","0.76","0.76","Very Low","Very Low","Very Low","52","52","52","85.25","85.25","85.25"
"KS","2026-05-02","3","3","13","0.10","0.10","0.45","Very Low","Very Low","Very Low",,,,,,
"WI","2026-05-02","27","13","70","0.46","0.22","1.18","Very Low","Very Low","Low",,,,,,
"HI","2026-05-02","2","20","11","0.14","1.43","0.79","Very Low","Low","Low",,,,,,
"KY","2026-05-02","24","13","40","0.53","0.29","0.89","Very Low","Very Low","Low",,,,,,
"MD","2026-05-02","19","12","9","0.31","0.20","0.15","Very Low","Very Low","Very Low",,,,,,
"NE","2026-05-02","4","4","23","0.20","0.20","1.17","Very Low","Very Low","Low",,,,,,
"WA","2026-05-02","27","28","33","0.35","0.36","0.43","Very Low","Very Low","Very Low",,,,,,
"IL","2026-05-02","30","25","75","0.24","0.20","0.60","Very Low","Very Low","Very Low",,,,,,
"SC","2026-05-02","28","15","18","0.52","0.28","0.34","Very Low","Very Low","Very Low",,,,,,
"AS","2026-05-02",,,,,,,"Data Unavailable","Data Unavailable","Data Unavailable",,,,,,
"IN","2026-05-02","27","19","49","0.39","0.28","0.71","Very Low","Very Low","Very Low",,,,,,
"ND","2026-05-02","5","4","13","0.64","0.51","1.67","Very Low","Very Low","Low",,,,,,
"OR","2026-05-02","8","10","12","0.19","0.24","0.28","Very Low","Very Low","Very Low",,,,,,
"PA","2026-05-02","123","192","176","0.95","1.48","1.36","Very Low","Low","Low",,,,,,
"CT","2026-05-02","13","9","26","0.36","0.25","0.72","Very Low","Very Low","Very Low",,,,,,
"GU","2026-05-02","0","0","0","0.00","0.00","0.00","Very Low","Very Low","Very Low",,,,,,
"ME","2026-05-02","1","5","9","0.07","0.36","0.65","Very Low","Very Low","Very Low",,,,,,
"TX","2026-05-02","89","120","96","0.29","0.39","0.32","Very Low","Very Low","Very Low",,,,,,
"AZ","2026-05-02","29","71","30","0.39","0.96","0.40","Very Low","Very Low","Very Low",,,,,,
"WY","2026-05-02","1","3","5","0.17","0.52","0.86","Very Low","Very Low","Low",,,,,,
"CA","2026-04-18","139","186","168","0.36","0.48","0.43","Very Low","Very Low","Very Low",,,,,,
"GA","2026-04-18","43","35","41","0.39","0.32","0.37","Very Low","Very Low","Very Low",,,,,,
"NV","2026-04-18","6","20","6","0.19","0.63","0.19","Very Low","Very Low","Very Low",,,,,,
"NY","2026-04-18","154","116","210","0.79","0.59","1.07","Very Low","Very Low","Low",,,,,,
"OH","2026-04-18","14","27","63","0.12","0.23","0.53","Very Low","Very Low","Very Low",,,,,,
"MI","2026-04-18","53","50","152","0.53","0.50","1.51","Very Low","Very Low","Low",,,,,,
"VI","2026-04-18","0","0","0","0.00","0.00","0.00","Very Low","Very Low","Very Low",,,,,,
"DC","2026-04-18","5","4","0","0.74","0.59","0.00","Very Low","Very Low","Very Low",,,,,,
"MN","2026-04-18","19","23","44","0.33","0.40","0.77","Very Low","Very Low","Low",,,,,,
"MT","2026-04-18","5","5","19","0.44","0.44","1.68","Very Low","Very Low","Low",,,,,,
"PR","2026-04-18","17","84","18","0.52","2.56","0.55","Very Low","Low","Very Low",,,,,,
"DE","2026-04-18","5","2","5","0.49","0.19","0.49","Very Low","Very Low","Very Low",,,,,,
"MS","2026-04-18","21","14","12","0.72","0.48","0.41","Very Low","Very Low","Very Low",,,,,,
"NJ","2026-04-18","49","29","39","0.53","0.31","0.42","Very Low","Very Low","Very Low",,,,,,
"VA","2026-04-18","31","13","12","0.36","0.15","0.14","Very Low","Very Low","Very Low",,,,,,
"CT","2026-04-18","16","34","30","0.44","0.94","0.83","Very Low","Very Low","Low",,,,,,
"GU","2026-04-18",,,,,,,"Data Unavailable","Data Unavailable","Data Unavailable",,,,,,
"ID","2026-04-18","8","7","23","0.41","0.36","1.17","Very Low","Very Low","Low",,,,,,
"MO","2026-04-18","22","22","40","0.36","0.36","0.65","Very Low","Very Low","Very Low",,,,,,
"OK","2026-04-18","4","7","9","0.10","0.17","0.22","Very Low","Very Low","Very Low",,,,,,
"KS","2026-04-25","1","8","17","0.03","0.27","0.58","Very Low","Very Low","Very Low",,,,,,
"WI","2026-04-25","15","24","68","0.25","0.41","1.15","Very Low","Very Low","Low",,,,,,
"HI","2026-04-25","3","16","10","0.22","1.15","0.72","Very Low","Low","Low",,,,,,
"KY","2026-04-25","28","24","53","0.62","0.53","1.18","Very Low","Very Low","Low",,,,,,
"MD","2026-04-25","20","11","15","0.33","0.18","0.24","Very Low","Very Low","Very Low",,,,,,
"NE","2026-04-25","7","11","37","0.35","0.56","1.88","Very Low","Very Low","Low",,,,,,
"WA","2026-04-25","21","39","28","0.27","0.50","0.36","Very Low","Very Low","Very Low",,,,,,
"IL","2026-04-25","67","76","99","0.53","0.61","0.79","Very Low","Very Low","Low",,,,,,
"SC","2026-04-25","38","13","25","0.71","0.24","0.47","Very Low","Very Low","Very Low",,,,,,
"AS","2026-04-25",,,,,,,"Data Unavailable","Data Unavailable","Data Unavailable",,,,,,
"IN","2026-04-25","23","19","65","0.34","0.28","0.95","Very Low","Very Low","Low",,,,,,
"ND","2026-04-25","3","3","18","0.39","0.39","2.32","Very Low","Very Low","Low",,,,,,
"OR","2026-04-25","5","10","25","0.12","0.24","0.59","Very Low","Very Low","Low",,,,,,
"PA","2026-04-25","97","191","106","0.75","1.47","0.82","Very Low","Low","Low",,,,,,
"MP","2026-04-25",,,,,,,"Data Unavailable","Data Unavailable","Data Unavailable",,,,,,
"AZ","2026-04-25","25","69","50","0.34","0.93","0.67","Very Low","Very Low","Low",,,,,,
"WY","2026-04-25","2","0","4","0.34","0.00","0.69","Very Low","Very Low","Very Low",,,,,,
"VT","2026-04-18","1","3","14","0.15","0.46","2.16","Very Low","Very Low","Low",,,,,,
"HI","2026-04-18","1","4","1","0.07","0.29","0.07","Very Low","Very Low","Very Low",,,,,,
"KY","2026-04-18","12","20","22","0.27","0.44","0.49","Very Low","Very Low","Very Low",,,,,,
"MD","2026-04-18","21","5","10","0.34","0.08","0.16","Very Low","Very Low","Very Low",,,,,,
"NE","2026-04-18","2","8","29","0.10","0.41","1.47","Very Low","Very Low","Low",,,,,,
"WA","2026-04-18","33","40","40","0.43","0.52","0.52","Very Low","Very Low","Very Low",,,,,,
"IL","2026-04-18","47","42","87","0.38","0.34","0.69","Very Low","Very Low","Very Low",,,,,,
"SC","2026-04-18","16","3","13","0.30","0.06","0.24","Very Low","Very Low","Very Low",,,,,,
"MP","2026-04-18",,,,,,,"Data Unavailable","Data Unavailable","Data Unavailable",,,,,,
"AZ","2026-04-18","25","61","37","0.34","0.82","0.50","Very Low","Very Low","Very Low",,,,,,
"WY","2026-04-18","13","6","20","2.24","1.03","3.44","Very Low","Very Low","Moderate",,,,,,
"AS","2026-04-18",,,,,,,"Data Unavailable","Data Unavailable","Data Unavailable",,,,,,
"IN","2026-04-18","38","37","62","0.55","0.54","0.90","Very Low","Very Low","Low",,,,,,
"ND","2026-04-18","12","10","15","1.54","1.29","1.93","Very Low","Very Low","Low",,,,,,
"OR","2026-04-18","3","9","27","0.07","0.21","0.64","Very Low","Very Low","Low",,,,,,
"PA","2026-04-18","160","182","198","1.23","1.40","1.53","Very Low","Very Low","Low",,,,,,
"CT","2026-04-25","17","18","24","0.47","0.50","0.66","Very Low","Very Low","Very Low",,,,,,
"GU","2026-04-25",,,,,,,"Data Unavailable","Data Unavailable","Data Unavailable",,,,,,
"ME","2026-04-25","2","10","16","0.14","0.72","1.15","Very Low","Very Low","Low",,,,,,
"TX","2026-04-25","100","119","160","0.33","0.39","0.53","Very Low","Very Low","Very Low",,,,,,
"CA","2026-04-25","141","225","158","0.36","0.58","0.41","Very Low","Very Low","Very Low",,,,,,
"GA","2026-04-25","64","28","40","0.58","0.26","0.36","Very Low","Very Low","Very Low",,,,,,
"NV","2026-04-25","3","30","15","0.09","0.94","0.47","Very Low","Very Low","Very Low",,,,,,
"NY","2026-04-25","150","66","177","0.77","0.34","0.91","Very Low","Very Low","Very Low",,,,,,
"MI","2026-04-25","21","26","41","0.21","0.26","0.41","Very Low","Very Low","Very Low",,,,,,
"VI","2026-04-25","0","0","0","0.00","0.00","0.00","Very Low","Very Low","Very Low",,,,,,
"LA","2026-04-25","34","35","16","0.75","0.77","0.35","Very Low","Very Low","Very Low",,,,,,
"MS","2026-04-25","10","14","16","0.34","0.48","0.55","Very Low","Very Low","Very Low",,,,,,
"NJ","2026-04-25","68","43","57","0.73","0.46","0.61","Very Low","Very Low","Very Low",,,,,,
"PR","2026-04-25","8","74","26","0.24","2.25","0.79","Very Low","Very Low","Very Low",,,,,,
"AL","2026-04-25","70","28","8","1.37","0.55","0.16","Very Low","Very Low","Very Low",,,,,,
"TN","2026-04-25","38","37","54","0.53","0.52","0.76","Very Low","Very Low","Very Low",,,,,,
"CO","2026-05-02","16","28","42","0.27","0.48","0.72","Very Low","Very Low","Very Low",,,,,,
"NH","2026-05-02","7","1","16","0.50","0.07","1.14","Very Low","Very Low","Low",,,,,,
"RI","2026-05-02","5","4","7","0.46","0.37","0.64","Very Low","Very Low","Very Low",,,,,,
"NM","2026-05-02","3","12","16","0.14","0.57","0.76","Very Low","Very Low","Very Low",,,,,,
"USA","2026-05-02","1,539","1,573","1,968","0.46","0.47","0.58","Very Low","Very Low","Very Low",,,,,,
"FL","2026-05-02","136","156","155","0.60","0.69","0.69","Very Low","Very Low","Very Low",,,,,,
"WV","2026-05-02","12","8","33","0.68","0.45","1.86","Very Low","Very Low","Moderate",,,,,,
"MN","2026-05-02","24","34","56","0.42","0.59","0.98","Very Low","Very Low","Low",,,,,,
"MT","2026-05-02","10","0","23","0.89","0.00","2.04","Very Low","Very Low","Low",,,,,,
"AR","2026-05-02","7","6","14","0.23","0.20","0.46","Very Low","Very Low","Very Low",,,,,,
"UT","2026-05-02","4","10","13","0.12","0.29","0.38","Very Low","Very Low","Very Low",,,,,,
"ID","2026-05-02","8","7","6","0.41","0.36","0.31","Very Low","Very Low","Very Low",,,,,,
"MO","2026-05-02","22","8","28","0.36","0.13","0.45","Very Low","Very Low","Very Low",,,,,,
"OH","2026-05-02","44","27","109","0.37","0.23","0.93","Very Low","Very Low","Low",,,,,,
"OK","2026-05-02","6","7","10","0.15","0.17","0.25","Very Low","Very Low","Very Low",,,,,,
"MP","2026-05-02",,,,,,,"Data Unavailable","Data Unavailable","Data Unavailable",,,,,,
"CA","2026-05-02","161","208","108","0.41","0.54","0.28","Very Low","Very Low","Very Low",,,,,,
"GA","2026-05-02","39","19","29","0.36","0.17","0.26","Very Low","Very Low","Very Low",,,,,,
"NV","2026-05-02","7","37","17","0.22","1.16","0.53","Very Low","Low","Very Low",,,,,,
"NY","2026-05-02","146","69","111","0.75","0.35","0.57","Very Low","Very Low","Very Low",,,,,,
"MI","2026-05-02","29","26","86","0.29","0.26","0.86","Very Low","Very Low","Low",,,,,,
"VI","2026-05-02","0","0","0","0.00","0.00","0.00","Very Low","Very Low","Very Low",,,,,,
"LA","2026-05-02","23","23","16","0.50","0.50","0.35","Very Low","Very Low","Very Low",,,,,,
"MS","2026-05-02","12","25","10","0.41","0.85","0.34","Very Low","Very Low","Very Low",,,,,,
"NJ","2026-05-02","67","40","55","0.72","0.43","0.59","Very Low","Very Low","Very Low",,,,,,
"PR","2026-05-02","35","106","24","1.07","3.23","0.73","Very Low","Low","Very Low",,,,,,
"AL","2026-05-02","44","20","10","0.86","0.39","0.20","Very Low","Very Low","Very Low",,,,,,
"TN","2026-05-02","46","33","50","0.65","0.46","0.70","Very Low","Very Low","Very Low",,,,,,
"CO","2026-04-25","18","38","63","0.31","0.65","1.08","Very Low","Very Low","Low",,,,,,
"NH","2026-04-25","22","3","22","1.57","0.21","1.57","Very Low","Very Low","Low",,,,,,
"RI","2026-04-25","7","4","4","0.64","0.37","0.37","Very Low","Very Low","Very Low",,,,,,
"NM","2026-04-25","6","7","18","0.29","0.33","0.86","Very Low","Very Low","Very Low",,,,,,
"USA","2026-04-25","1,629","1,711","2,318","0.48","0.51","0.69","Very Low","Very Low","Very Low",,,,,,
"FL","2026-04-25","119","173","167","0.53","0.77","0.74","Very Low","Very Low","Very Low",,,,,,
"WV","2026-04-25","14","16","51","0.79","0.90","2.88","Very Low","Very Low","High",,,,,,
"MN","2026-04-25","35","21","73","0.61","0.37","1.27","Very Low","Very Low","Low",,,,,,
"MT","2026-04-25","0","3","20","0.00","0.27","1.77","Very Low","Very Low","Low",,,,,,
"AR","2026-04-25","14","2","8","0.46","0.07","0.26","Very Low","Very Low","Very Low",,,,,,
"UT","2026-04-25","4","13","14","0.12","0.38","0.41","Very Low","Very Low","Very Low",,,,,,
"VT","2026-04-25","1","1","8","0.15","0.15","1.24","Very Low","Very Low","Low",,,,,,
"ID","2026-04-25","3","7","16","0.15","0.36","0.82","Very Low","Very Low","Low",,,,,,
"MO","2026-04-25","25","16","34","0.40","0.26","0.55","Very Low","Very Low","Very Low",,,,,,
"OH","2026-04-25","44","35","118","0.37","0.30","1.00","Very Low","Very Low","Low",,,,,,
"OK","2026-04-25","8","7","14","0.20","0.17","0.35","Very Low","Very Low","Very Low",,,,,,
"DC","2026-04-25","2","1","0","0.30","0.15","0.00","Very Low","Very Low","Very Low",,,,,,
"IA","2026-04-25","14","16","38","0.44","0.50","1.19","Very Low","Very Low","Low",,,,,,
"DE","2026-04-25","5","4","5","0.49","0.39","0.49","Very Low","Very Low","Very Low",,,,,,
"VA","2026-04-25","54","18","46","0.63","0.21","0.53","Very Low","Very Low","Very Low",,,,,,
"AK","2026-04-25","3","5","5","0.42","0.70","0.70","Very Low","Very Low","Low",,,,,,
"MA","2026-04-25","33","27","69","0.47","0.39","0.99","Very Low","Very Low","Low",,,,,,
"NC","2026-04-25","116","19","80","1.08","0.18","0.75","Very Low","Very Low","Very Low",,,,,,
"SD","2026-04-25","1","8","17","0.11","0.87","1.86","Very Low","Very Low","Low",,,,,,
"LA","2026-04-18","19","20","30","0.42","0.44","0.66","Very Low","Very Low","Very Low",,,,,,
"CO","2026-04-18","6","19","34","0.10","0.33","0.58","Very Low","Very Low","Very Low",,,,,,
"NH","2026-04-18","10","9","18","0.71","0.64","1.28","Very Low","Very Low","Low",,,,,,
"RI","2026-04-18","13","10","16","1.19","0.92","1.46","Very Low","Very Low","Low",,,,,,
"NM","2026-04-18","3","6","24","0.14","0.29","1.14","Very Low","Very Low","Very Low",,,,,,
"USA","2026-04-18","1,585","1,662","2,207","0.47","0.49","0.65","Very Low","Very Low","Very Low",,,,,,
"KS","2026-04-18","11","7","16","0.38","0.24","0.55","Very Low","Very Low","Very Low",,,,,,
"TN","2026-04-18","78","47","25","1.10","0.66","0.35","Very Low","Very Low","Very Low",,,,,,
"WI","2026-04-18","27","32","88","0.46","0.54","1.49","Very Low","Very Low","Low",,,,,,
"ME","2026-04-18","1","3","7","0.07","0.22","0.50","Very Low","Very Low","Very Low",,,,,,
"TX","2026-04-18","82","110","74","0.27","0.36","0.24","Very Low","Very Low","Very Low",,,,,,
"AR","2026-04-18","15","3","8","0.49","0.10","0.26","Very Low","Very Low","Very Low",,,,,,
"UT","2026-04-18","2","5","5","0.06","0.15","0.15","Very Low","Very Low","Very Low",,,,,,
"FL","2026-04-18","115","157","124","0.51","0.70","0.55","Very Low","Very Low","Very Low",,,,,,
"WV","2026-04-18","17","29","73","0.96","1.64","4.12","Very Low","Low","High",,,,,,
"AK","2026-04-18","2","1","5","0.28","0.14","0.70","Very Low","Very Low","Low",,,,,,
"AL","2026-04-18","48","21","27","0.94","0.41","0.53","Very Low","Very Low","Very Low",,,,,,
"MA","2026-04-18","44","41","77","0.63","0.59","1.10","Very Low","Very Low","Low",,,,,,
"NC","2026-04-18","80","13","43","0.75","0.12","0.40","Very Low","Very Low","Very Low",,,,,,
"SD","2026-04-18","4","5","15","0.44","0.55","1.64","Very Low","Very Low","Low",,,,,,
"IA","2026-04-18","13","16","32","0.41","0.50","1.00","Very Low","Very Low","Low",,,,,,
"VT","2026-05-02","0","0","7","0.00","0.00","1.08","Very Low","Very Low","Low",,,,,,
"DC","2026-05-02","2","1","1","0.30","0.15","0.15","Very Low","Very Low","Very Low",,,,,,
"IA","2026-05-02","8","11","22","0.25","0.34","0.69","Very Low","Very Low","Very Low",,,,,,
"AK","2026-05-02","2","3","2","0.28","0.42","0.28","Very Low","Very Low","Very Low",,,,,,
"MA","2026-05-02","29","30","60","0.41","0.43","0.86","Very Low","Very Low","Low",,,,,,
"NC","2026-05-02","73","15","67","0.68","0.14","0.62","Very Low","Very Low","Very Low",,,,,,
"SD","2026-05-02","3","5","17","0.33","0.55","1.86","Very Low","Very Low","Low",,,,,,
"DE","2026-05-02","7","4","8","0.68","0.39","0.78","Very Low","Very Low","Low",,,,,,
"VA","2026-05-02","42","24","32","0.49","0.28","0.37","Very Low","Very Low","Very Low",,,,,,
